h3id_9,BC,BC_diff,NO,NO_diff,NO$_2$,NO$_2$_diff
8928308110bffff,0.78213537,-0.01656534495650641,15.620544,0.8176191285937495,18.19578,-0.06519559458496005
89283081143ffff,0.5194249,-0.040535935586279326,5.1310477,-3.247296240822509,13.409148,-2.526139833752442
892830811cfffff,0.38685462,0.012913008687765515,6.739257,1.3466525418256827,12.945893,1.3925533976586912
892830810a3ffff,0.49098212,0.0024150808687072867,6.279408,-1.9933195499421377,13.661801,-0.10357824180419861
89283098387ffff,0.41701278,-0.00842502349523011,4.719701,-2.000298897706543,8.7581005,-1.6331598603564448
89283098edbffff,0.32202077,0.01565347051926269,5.5505433,0.979114519258057,10.128897,1.023377232256836
892830812abffff,0.54233235,0.01576338730773319,10.94661,1.196610365744629,16.236128,0.6731273333935555
89283099c03ffff,0.8073783,0.036188166483740236,27.74744,6.270315728134765,19.182707,0.49831217288574337
8928309814bffff,0.4637527,-0.01646558287261357,6.753743,-1.5471400593081057,10.966127,0.3173769506298818
89283081317ffff,0.5409687,-0.01159257405543812,12.45994,-0.25383979833496184,17.904604,-0.2744915418701197
89283081387ffff,0.31211513,0.025591619008685285,3.913349,0.3289331581927488,10.22216,-0.951743160644531
89283098e8bffff,0.6931867,-0.03563195465591429,13.844059,-0.6858553395214848,14.357622,-0.4120285833935551
89283099d03ffff,0.38159668,0.012981137055871561,9.254528,-0.7926414873457048,9.838961,0.7465979500830073
89283081027ffff,0.475041,-0.048604469664858985,7.9821405,0.33508156007666035,13.127075,-1.5059590946874994
89283099db3ffff,0.38584316,0.0156161324682495,9.964895,-1.389666241586914,13.157097,0.822652602792969
89283098e57ffff,0.33199036,-0.010836423486315916,3.381027,-1.4189732447388916,8.206125,-0.4515706766005856
89283098037ffff,0.3799012,-0.009546281317086791,3.3758497,-1.058594757184082,8.267014,-0.9598634526953127
89283099cb3ffff,0.258152,0.03594835265664062,3.5839586,2.371837355793457,6.2050686,0.5668127372568357
892830981c3ffff,0.75351435,-0.010582865039398204,24.639967,11.47330047972168,19.049812,4.580562351894532
89283098347ffff,0.25439078,0.03779336635737915,5.2287893,1.0924255655288082,10.441477,1.8991626548994134
89283081303ffff,0.35536852,-0.005250351310189805,5.746721,0.5467207458630368,10.574315,-0.9708762288940438
89283081183ffff,0.5718846,-0.009288816244049092,7.9275465,-1.052453344340332,16.318539,-2.3462613392285157
8928308119bffff,0.39618564,-0.015623371229614269,4.575421,-1.0245794095241703,12.289811,0.44996879933837874
8928308152fffff,2.5465157,-0.024423360798706106,67.40451,-6.515486321953119,37.450462,-3.057671098691408
8928309830bffff,0.19083276,0.07765990411029358,4.802327,2.8023270610668947,6.483397,0.08951234798852692
8928309832bffff,0.23228797,0.030426133565512076,4.621465,1.9547984131462401,9.960475,2.729544761956543
8928309832fffff,0.3089017,0.030352942747232048,5.4440937,-0.18458865177636685,11.181733,1.231597324908691
892830983d7ffff,0.34817377,-0.0004820167717376478,7.284129,1.7324048337612306,8.959834,1.4863340858159182
89283098567ffff,0.43543229,-0.008849193829580715,6.514268,-4.769065638552247,11.51731,0.017758352517089904
892830813a3ffff,0.67607355,0.010423355177978544,16.026617,0.7967317701708989,20.94444,0.07928390167480615
892830810a7ffff,0.48908868,-0.0361594938795502,5.938196,-1.0618040337490235,11.541585,-1.7717807314331058
89283098323ffff,0.2981031,0.004806165050952105,5.4367127,0.03270535535180663,8.863566,0.41856648512060524
89283099d97ffff,0.19055653,0.04457203498408205,1.9241807,0.3101455820784913,5.642469,0.09555805429077147
89283081117ffff,1.2100155,-0.025408972145385622,20.377838,-6.178980805234374,23.146767,-3.505232962402342
8928308130fffff,0.44649208,-0.000181082229894991,5.5332446,0.2106637528327635,13.644069,-1.0979614970434568
89283099d7bffff,0.37161595,0.014455975542877142,15.010024,1.944988930739747,14.085418,3.356246397497559
89283081023ffff,0.39570206,0.013395240987323032,6.2972107,1.5881196513593752,12.918871,-0.027243924096680416
8928309834fffff,0.35897353,0.0035960839151153445,4.4742384,1.565147348690918,8.072229,2.047031762875976
89283081197ffff,1.6455426,-0.10093077238745107,32.531857,-14.468141853134767,28.05561,-3.695458503261719
892830983bbffff,0.27947038,-0.004842986079058864,2.939722,-0.1094843193427737,6.8833942,0.6490497398330071
89283099dcbffff,0.24878955,0.030669750473901358,5.1713963,4.221396210393164,8.190429,3.8879286048256834
89283098153ffff,0.40143487,-0.0405209455758575,3.5631673,-1.1924716943970957,9.141819,0.8150691987441405
892830981dbffff,1.8653337,-0.0924897826618043,50.101696,-31.7986240955957,30.824492,-10.788831459145506
8928308100bffff,0.5954379,-0.008398586219250492,10.897812,-0.3629549453515626,17.678562,-0.28822255069335867
8928308104fffff,0.4985179,-0.010625478994662485,10.666413,1.524860607189943,16.566471,1.6398076298535162
8928309818bffff,0.5458529,-0.0017390862486084124,8.279672,-3.6633815409936528,11.267858,-0.4282309784252938
8928308109bffff,0.9235164,0.024902135107824686,27.00674,3.6100528000683596,25.021812,0.39713502896484343
89283098327ffff,0.29003823,0.03247463983497312,5.068376,2.331533829300537,8.65628,1.7472796439038083
8928308138bffff,0.25900394,-0.002376772955584694,5.090745,1.6240781412290035,11.490172,0.06617223616943413
89283099dc7ffff,0.30323276,-0.007582494712710552,5.188999,2.7288497150253908,9.720688,0.7205662342109367
892830983cfffff,0.2144418,0.030504196577957166,2.7785065,1.5810751584102785,5.836443,0.0716263533876953
892830981cbffff,0.3347689,-0.016494126865466308,3.6753483,-0.32465190813964817,8.344246,-1.0131766003554699
8928308103bffff,0.38304222,-0.049303485349035614,4.50914,-1.9273507248515624,10.49235,-3.6531299653662117
8928309816bffff,0.45559284,-0.008155925690042087,6.9039874,-0.09601280831567394,11.247173,-0.19714092067382794
89283081093ffff,0.51147664,0.006133228532922308,7.566287,0.4858269347104489,14.661607,0.10960673863525372
892830981cfffff,0.70789677,-0.0035354606532165267,19.548512,-2.033357184873047,17.529036,-0.9022970167626951
89283099d87ffff,0.23486072,0.021703359100274655,4.289502,2.3535163928598632,9.033044,2.0312529388891605
89283081153ffff,0.52380455,-0.010849546997473203,8.837934,1.4428355523442384,14.390526,-0.7384002721289065
89283098367ffff,0.23037487,0.021695101784478754,3.2825763,1.7825763095555418,7.1208467,-0.5821651616479491
89283081013ffff,0.5336347,-0.0012786595171814241,10.95141,-0.20243560642089875,17.120205,-0.8395491194628875
89283081083ffff,0.8568523,0.0047939260145263285,23.735647,-1.3435849584619142,23.877499,-1.1477332632910162
8928309818fffff,0.38186422,0.007515437653945911,6.6849713,-0.3705844999499508,10.828377,0.4267514950195306
8928309836fffff,0.32242286,0.019129360052917488,4.7928786,1.8837875807770996,7.8607244,-0.1520753858422843
8928309837bffff,0.24545619,0.02644388241716003,6.309573,2.3864961985229494,8.884856,2.4968834570600578
892830811d7ffff,0.36779583,-0.0017546720454223452,5.195685,0.661374630820557,11.297476,0.3409435848193354
8928308118fffff,0.51932424,-0.02652190193130488,5.5062985,-1.4815063299772957,13.868419,-1.710260696457519
89283099d8bffff,0.30108672,-0.0027923843955261485,4.6175537,1.6536981489375,8.782694,-0.5266470770849612
89283081053ffff,0.49447843,-2.405857573545278e-05,7.317452,-0.3189117491120603,15.612872,0.07113559371826206
8928309833bffff,0.27632982,0.05653257428772582,7.185175,2.9492945070166012,9.996874,1.0865018205908203
8928309834bffff,0.2883656,0.01808389404328614,5.0742097,2.230926083093994,9.040353,1.1022440858500975
89283098353ffff,0.24925998,0.014767135832791128,3.45117,0.6533408506513672,6.6803217,-0.4795966625795902
89283098e5bffff,0.18336436,0.026696941924581913,6.120065,3.8252015272497557,8.562403,2.613402843219726
89283098ed3ffff,0.5863556,-0.012110120716900652,8.4174795,-4.529889014924317,12.507399,-0.7442907346533207
8928308114fffff,0.5167189,-0.00789372620443718,7.579552,0.2938378246145019,13.309272,-1.0889743575610353
89283099cbbffff,0.3293029,0.05183960339005128,2.4561052,0.6379233982387695,7.4364576,0.552853162972168
8928309830fffff,0.2562949,0.0797453718393738,4.8943043,2.167031524512695,9.5493355,2.3669248622363277
89283099d93ffff,0.20878392,0.013551579479620351,4.967939,2.1107959069938964,8.93976,0.9536888601298834
89283098103ffff,0.29813302,0.004044486232629374,3.8278065,0.9706637387783204,7.0632358,1.2462357287351074
8928309811bffff,0.48146304,0.028207244331820647,29.052103,22.216547289602538,21.043894,8.150411004086914
89283081067ffff,0.4222521,0.0027353178851713955,6.6306143,0.6306142287006828,13.809459,-0.029541587395019775
8928308107bffff,0.4961867,0.016738101343527212,11.061057,2.0610574777592774,14.867081,-0.07991886152343675
8928308110fffff,0.7839277,0.023100068761889636,17.500261,5.5861262317626945,17.858856,1.339311966171877
89283098e43ffff,0.32755405,-0.00945761919230348,7.1896048,-0.8103953107836919,9.870997,0.23081858989404402
89283098e4fffff,0.33865672,-0.019019051800701903,7.0524187,-4.78091487119873,9.46809,-0.19957925362695406
89283099d53ffff,0.22301081,0.0427583384294464,5.379047,4.28380876996167,8.217322,2.8693222995483403
892830813abffff,0.4950015,-0.014348553415509002,7.9857,-4.557252869537354,16.964525,-1.80147488722168
89283099c3bffff,0.7813233,0.05996641151307369,31.532015,1.0607311068017573,23.210512,2.704948901254884
8928308102bffff,0.38546965,-0.014933708738235463,6.746294,-0.2537061943935548,12.387702,-2.037798091779786
89283081057ffff,0.48913732,0.004209073410586572,7.959897,-0.06510269367919896,14.823349,-0.022857670976563327
89283098317ffff,0.37013292,0.0094503427762207,4.288493,-0.13534193856689392,9.830485,1.9684252829331044
892830812a3ffff,0.34925663,0.005940605012219269,3.754468,-0.13742411282763678,11.038102,-0.1187050650366217
892830813c3ffff,0.6678135,0.0011606033003601635,17.032076,2.7453397119580067,18.785492,0.12673622835937692
89283081467ffff,0.39960137,-0.00740677755379332,6.57333,-0.6121808614628907,13.735009,0.00872036842040913
89283098167ffff,0.5905736,-0.04326563617472534,9.226654,-6.227095087265624,14.778164,-2.323215645087892
892830811c7ffff,0.40435696,-0.0012235011180664057,6.5469337,1.5469337629704585,10.796627,-0.5616818153222667
892830983cbffff,0.17328584,0.0437036454418335,6.99058,5.081489081939697,8.267666,1.4179678660371087
892830813a7ffff,0.40643096,-0.05218767564846194,6.0564814,-3.5184058896108397,11.982793,-5.177480920690918
89283099d4fffff,0.6864698,0.03691687551970213,43.040985,7.851794827421877,27.97692,4.550588234194336
89283099ca7ffff,0.3016994,0.009667284698120115,5.087852,3.8045186066901855,9.635783,3.6625456569956043
89283098117ffff,0.5014886,-0.004676275796734686,11.420738,1.711304146214843,12.06755,0.5421943905053723
892830810bbffff,0.60449076,-0.014306940111474598,12.550165,0.7080601763916015,17.28979,-0.3409113601708995
892830813d3ffff,0.3266089,0.010755514855493142,7.628809,0.24812694521972656,14.425289,-1.0550156559472654
89283081577ffff,1.624509,-0.047207789063659744,39.007393,-15.430106146699217,25.79782,-11.575030012426758
89283099dbbffff,0.34935844,0.004035964445495588,7.6400146,-2.4853587015625003,10.737942,-0.4003916480566403
89283081037ffff,0.411938,-0.017132777003729227,4.006444,0.1449054088559567,11.280829,-1.4430048753735356
8928308106bffff,0.3841501,0.004652762633404528,7.516004,0.7110449130407712,14.442268,-0.14350870341796806
8928309816fffff,0.50659657,-0.05330438790341796,4.9098806,-4.288334835377441,10.083229,-1.6907914850585932
892830810b7ffff,0.9115709,0.01016923763909916,23.380108,-3.7227981903613276,23.597149,-0.7083142847363284
89283081357ffff,0.3205594,0.03378412124098207,7.084704,-1.0443284067282708,14.891469,-1.130635768229979
8928308138fffff,0.35757956,0.022030456487753314,5.0460806,-0.5253480307055662,12.61704,0.7585588304809576
89283081edbffff,0.18082574,0.04544514369895325,5.892499,-1.6304696404682613,10.686172,2.203832989177247
89283099d8fffff,0.28497183,0.011075927979064981,4.7481575,0.7481573112207034,8.711734,0.9579786765542
89283099ca3ffff,0.25976402,-0.015132193325408938,1.8148398,1.0079770565353028,5.2459273,0.14829943683178648
89283098163ffff,0.4335504,0.012144049520925904,6.6710925,-2.475291043276611,10.573427,-1.1423227796826172
892830810cbffff,0.47467524,-0.01708574836752319,7.77674,-1.096499439842285,14.75764,-1.716639965051268
89283098333ffff,0.23994416,0.023935486234588632,2.6575012,-0.07054828729687479,6.22575,1.6176561819824222
8928308115bffff,0.4069882,0.0015731185255432045,4.437604,-0.39572927449951134,10.73492,-1.980027231965332
8928308116bffff,0.99243486,-0.006426897924182162,19.92025,0.6736612689648425,21.215752,1.2697776679492172
892830812a7ffff,0.36205953,-0.0005525981539611924,8.271893,0.7547856411074232,12.748503,0.2645399313232417
89283081333ffff,0.484144,-0.009741509700827045,9.679971,-7.320029778728028,18.329609,-3.657815342763673
892830813d7ffff,0.42417383,-0.06944517246030274,5.143209,-2.635046565439697,11.303623,-4.78080117053711
89283098197ffff,0.23389247,0.04851773739822082,7.3405304,2.545784851507812,8.801029,2.1843804153222655
892830981d7ffff,0.451403,-0.01875052818988343,6.4930596,-3.706940454837646,10.717825,-0.4766747940869145
892830813afffff,0.43279946,-0.005522312546276886,8.217884,-3.426681086279297,14.396429,-2.1010504931103497
892830813b7ffff,0.55848664,0.003881550353338592,8.048248,-0.24804839898437514,15.862406,-0.3988571330224602
89283098177ffff,1.063378,-0.04275678658245852,29.362581,-1.9696106669482418,23.302742,-0.32075881560546904
89283098187ffff,0.44149202,-0.018782437516168204,7.7821665,-0.9917568409819335,9.312389,0.741014328779297
89283081157ffff,0.53211653,-0.003644165174255365,11.241184,0.3374543746191403,16.272099,-0.23811724874023454
89283098357ffff,0.294441,0.040475665128274496,8.959088,5.579777876500488,10.451247,2.7187316342709957
892830983c3ffff,0.24059495,0.01182457429856873,4.50914,2.5091399196484376,6.920841,1.1852898195410155
8928308139bffff,0.3421948,0.017542853208520504,5.1629286,1.5500251842377928,12.141641,1.3861090431469734
892830812bbffff,0.35787553,-0.009701488348614506,3.7463472,-3.1908379855504148,12.052176,-1.456358214475097
892830811dbffff,0.3825727,-0.04064793898593139,6.0474734,0.4797518961335445,11.011819,-1.7677506941967778
892830983b7ffff,0.57812005,-0.00042989058551634596,6.723579,-2.7764207650988766,11.073008,-0.5606874863818359
89283098313ffff,0.37594956,0.005406157495916775,9.233986,0.28954174987890546,10.719439,1.0301396008564456
8928308146fffff,0.89172035,-0.0256669406429626,24.126123,0.7261239483447248,23.292051,-0.37409530469238206
892830981c7ffff,0.47935212,0.019060473284777835,17.011957,5.270021318579101,13.7044935,3.327663962644044
8928309813bffff,0.42184886,-0.030207224436734015,6.514268,-2.757430340552247,11.851656,-1.7690836699169914
89283098ec7ffff,0.41623798,-0.016470638572665397,4.2715254,-1.2021590880043949,11.044387,0.9879762937084955
892830981d3ffff,0.31646723,-0.010237117248394767,2.993449,-0.5621067512979736,7.7768044,-1.3980368898259279
89283098307ffff,0.29912734,0.011880985316772452,5.5944743,0.7944742736433108,8.608242,0.23660670991210964
89283081173ffff,1.0069072,0.019986274855151365,20.674706,2.275978575371095,20.242033,-0.5316479702392556
892830811c3ffff,0.44111574,0.012536690761364766,5.7331076,0.40692412683349577,11.882954,0.2041999837988282
89283081397ffff,0.3771877,0.01652646097951349,5.980128,2.8507159604318844,11.684892,0.31331207574462994
89283099c13ffff,1.1154878,0.006075181449584965,31.287025,-2.8632277533398423,21.073015,1.4599215230126958
8928308154fffff,0.597226,-0.07816576857598878,6.495435,-3.5500562456154796,12.977897,-2.5017377596313466
89283081193ffff,0.8011172,0.01650159942795404,17.018925,5.856424718134765,20.730343,3.3327285099902326
892830811d3ffff,0.39426735,-0.0049851732147430106,5.1961656,0.8884730496760254,11.618088,-0.39563862644531156
8928309838bffff,0.32239896,-0.010310474909637435,4.479217,1.7950065024597168,6.0429616,0.17291115244262656
8928308100fffff,0.48158097,-0.01189150607849121,10.602374,1.8877933338432626,17.620094,0.2152377293164065
89283081033ffff,0.33414564,0.0009050671164397839,5.0358872,0.8848086843635254,12.00196,0.04246189072021522
89283081073ffff,0.4951579,0.002352725422381574,11.331451,0.2556936060156261,16.912756,0.387710141186524
89283098e1bffff,0.44059718,-0.0035035932481811694,7.4124465,1.0542374888708492,8.984536,-0.29649611404052756
89283081393ffff,0.42156297,0.03796053678460082,8.485643,3.0665257798408208,15.065506,1.2916312214453125
892830813bbffff,0.4121206,-0.032410335024459835,5.3672323,-1.5197242593071296,10.847093,-2.2959070215209962
89283081ed3ffff,0.5180132,0.019262012202215573,13.878072,4.6172021999731445,13.291803,2.092318559985351
89283081383ffff,0.3837455,-0.0030241107953308255,5.310839,-0.7107113798220217,12.228631,0.033071504592285805
89283098e4bffff,0.15377146,0.04077085455630493,7.2974696,5.075247287936279,8.827627,3.0767082610068357
892830981bbffff,0.55813444,-0.03230632739263917,7.3280187,-2.736497554686279,12.438208,-0.3925062736572258
89283098143ffff,0.37659857,-0.008241556679446371,6.364484,0.42448371681298713,9.30155,-0.21879732650097594
8928309815bffff,0.30715936,-0.0005516535765197617,4.77939,1.3127230272458492,8.692707,1.383409296767578
89283099c83ffff,0.7090708,-0.006099230865075578,25.920145,-12.137442905209966,21.214228,-2.2220111686083968
892830983abffff,0.26133347,-0.008212957023828127,3.8169029,0.4730672544002683,6.4808784,0.5450954086188968
89283098183ffff,0.38376996,-0.015159235988650543,6.6627345,-1.4020431349855969,8.695439,0.7852516066840822
892830810c3ffff,0.44617644,0.01874098722369688,9.113647,1.7528876484375004,15.377093,0.6994309251245117
892830810c7ffff,0.4413642,0.0016756555731109457,10.179601,0.5714727586372064,16.075912,0.4891647455859385
89283081187ffff,1.609571,-0.03257542842797845,26.443916,-14.48790113419922,25.870264,-5.532165351655273
8928309838fffff,0.35897183,-0.005028622517260717,5.08143,1.0814297683435061,7.1779,0.07688962949389655
8928308130bffff,0.36298466,-0.009339120762402342,7.1210585,0.6249045610502932,12.809317,-1.394830129868165
89283098e9bffff,0.546105,-0.03952598985120859,10.262095,-0.43631760864501956,12.020168,-0.4589825105566412
89283099c97ffff,0.30696374,0.016879287679327393,9.407224,7.43314662397705,10.703806,3.3238058709619143
892830983a3ffff,0.29366514,-0.018847769182766705,4.026103,0.026102829714355735,6.932664,-1.0967726724584956
8928309814fffff,0.33785775,-0.03157897371159363,2.897708,0.39770782014794914,5.770955,-0.45713616874560525
89283099ddbffff,0.3213698,-0.012101963658651738,4.990657,2.975731422722168,8.197399,1.147848539404297
89283099dd7ffff,0.31567687,-0.004352058488116484,3.133963,0.07840746556274425,8.188789,-1.099488965824218
89283098227ffff,0.25761393,0.007539711625930756,3.8213718,1.3992870557469481,7.4772415,0.10453867311328136
8928308155bffff,0.32922345,0.00284463979856564,5.683283,-2.797729616827148,12.5973835,-7.632616310854491
8928309822fffff,0.29213458,0.013899557296368381,3.5480704,2.955477810055615,7.0748034,1.4082452863559567
89283081003ffff,0.48368496,0.001427501427435196,6.928682,-0.5913185065666511,16.296055,-0.43975099991211053
8928309810bffff,1.1867499,-0.006295122849853563,50.578033,-4.515718422734373,30.575825,-1.6709036724511748
89283081063ffff,0.5063788,-0.016639739220782435,9.02008,-2.566877147268066,16.6199,-0.48069973024414026
89283098237ffff,0.25471193,0.008666123883428967,4.5273156,-0.06443159139233412,8.22909,0.41942306393847684
89283098027ffff,0.31027985,0.040285823591406256,4.820413,2.3862025656403807,8.726193,3.1166294530395504
89283081043ffff,0.58967453,-0.018667925286517395,10.246241,-2.2843484141552732,15.522886,-1.1851866837548855
89283081077ffff,0.58180064,-0.00966800407063606,14.761543,-1.1947287760742178,18.380487,-1.2838742679833999
89283098303ffff,0.25537735,0.0657842985877014,5.897179,3.200209354739502,7.989845,1.2420949405417474
89283098ed7ffff,0.71562064,-0.028573989859997595,11.970351,-4.124887210822752,14.964021,-1.5019325709350575
892830813dbffff,0.49740872,-0.0035430214292877515,8.07486,-3.0256959558593746,15.898068,-0.1691559769604467
8928308146bffff,0.6390911,0.005208766166705292,26.287893,3.9802014852880845,23.993307,1.9813373036474609
89283099d1bffff,0.21715182,0.011056331359637461,3.7519217,1.7367158737475585,8.21036,2.0826747053642585
89283081567ffff,0.6129664,0.0005257140662964233,9.696747,1.093087822171876,16.226208,-0.5052009368457036
89283099d9bffff,0.28783777,0.00922740136147765,7.9092264,3.909226227541504,11.00118,1.8523949631293934
89283098563ffff,0.39118314,-0.018214853406323228,7.9854255,-2.0600296177404793,9.66561,-1.0557725365844721
89283098337ffff,0.32225925,-0.006519824596990964,3.2579448,-0.1706266356885986,6.5195465,0.15875743378906293
8928309810fffff,0.9611594,0.005585007142498766,31.73517,-5.327329920620116,20.772848,1.337958724272461
8928309812bffff,1.6188191,0.007490514046081476,66.17009,-2.1153068433203117,35.2728,-0.5693557594433614
892830810abffff,0.48622033,-0.0022173208000763056,7.6412287,-0.8843468081577139,14.804158,0.14965042075439428
89283099d0bffff,0.29406285,0.02155446005949707,7.7599216,5.495770499750733,9.745517,3.4314542640385746
89283099cb7ffff,0.26753634,0.008974237744012459,2.239019,-0.22764781991625993,7.5625668,0.5284871112021481
892830810afffff,0.39677915,3.799177073671167e-05,7.0807137,2.0807138609318843,12.188308,0.10184664214599692
89283081087ffff,0.71629703,0.0031029032989136063,24.474678,8.77097435455078,21.655922,0.9359500260351581
8928308106fffff,0.58657515,-0.02926877086019286,8.339168,-0.898927583090332,16.903908,-1.045048109121094
8928308108bffff,0.5060974,0.011523597196588131,13.662003,1.0258917134765628,18.459482,-0.13885585200683437
8928309831bffff,0.2739727,0.039764812555438234,6.583053,3.1252608410300295,9.46953,2.4092195840908213
892830811cbffff,0.3529998,-0.0036117822958862122,4.637254,0.655772846128662,11.505834,-0.5543143142065432
8928309839bffff,0.39278638,-0.0008558706711547792,5.4207644,1.3544135837585447,7.9959097,1.8355740913569338
892830812afffff,0.369514,0.02043556169487304,11.187056,3.187055207768555,14.265239,1.4022388419018554
8928308114bffff,0.544885,-0.02231766362511589,6.021012,0.1787042388762199,12.510155,-0.09031108087890516
8928308152bffff,2.0084195,-0.01215225029760747,58.389687,-4.683335835527345,36.14402,-1.4560115894335937
89283099d57ffff,0.21192539,0.012260133732507339,5.335654,4.187439457740869,6.612856,1.252105951254883
892830980a7ffff,2.2026591,-0.09965230440356443,52.22588,-35.730641990810554,29.0131,-12.946130564589843
89283081097ffff,0.4174083,0.00890930172517701,6.040811,-0.05293880214086766,13.362749,0.6554544097314459
8928308118bffff,0.35689354,-0.03319503227128906,4.759274,-0.43522818111010686,11.188746,-0.3350418476684567
89283099c07ffff,0.40142474,0.009112452384530623,27.74744,25.347440317134765,18.367653,9.763483603066407
8928308117bffff,0.5455838,0.017033111180230653,14.343329,7.038981539626465,16.622732,1.1497325924755852
89283098373ffff,0.26076615,0.050948008167199715,4.553791,1.725868916142578,9.379331,1.1620664350708019
89283098ecbffff,0.35743266,-0.001448438859295631,4.668202,1.2396304653703614,8.6764145,1.4439144137460938
89283081113ffff,0.41998595,-0.011947602256866474,4.645747,-1.4709731987465826,11.981959,-0.9419656220434565
89283098107ffff,0.48927444,0.017654522495892333,10.211531,-1.9219821245751945,11.466227,-0.355382417241211
89283098193ffff,0.424717,0.035069290767535344,10.182564,3.164438332738282,10.215138,1.7789509853637693
89283081463ffff,0.3945418,-0.032246982277874814,4.9167156,-3.2310800470517584,10.662144,-2.4196390527246088
89283099c87ffff,0.31098866,0.07411203862707519,11.299729,5.4173765372290035,12.837116,3.3277651554550793
89283081217ffff,0.91283584,0.02055119421052254,25.335873,0.269650490146482,21.653982,1.1143842724755864
892830983b3ffff,0.3607044,-0.026972204405252054,4.5278616,1.4702922201538087,8.348558,1.3602507669033201
8928309856fffff,0.33178613,0.00422716234836118,5.683283,-1.5836345818271482,11.442362,-0.3936995433349608
892830811bbffff,1.3674521,-0.06646301537719723,12.113424,-22.66435399885254,16.652473,-9.381286690292967
89283099cabffff,0.28674442,0.020526243060040306,2.2290258,0.22902578475927715,7.9288673,-0.37503886991210855
89283081007ffff,0.65099967,-0.020506917589685036,10.646089,-3.2266023448413073,17.66062,-0.5210657792822246
89283081103ffff,0.9698992,0.02279065010126957,15.880551,1.1656391381958002,21.34652,-0.2133265897851544
8928308111bffff,0.3939007,-0.014023560487078868,5.0827465,-0.024396506762695225,11.474924,-1.1603802474755867
89283098343ffff,0.28908604,0.017251085034686253,7.789323,1.520665943088379,9.201041,0.4626241796186523
89283098393ffff,0.39837152,0.003503317208233603,6.653938,-0.047115017380127355,11.396164,1.761186270429688
8928308131bffff,0.34511942,-0.0013704085362853946,6.0804415,2.080441284914551,10.461169,0.3478653178588864
89283098223ffff,0.24257004,0.012625843310168444,3.672665,1.3523446881711427,8.629418,2.392943335107911
89283099dc3ffff,0.3472306,0.006741062281658938,3.681486,0.5735124423421629,8.975083,-0.33969245086474587
892830813b3ffff,0.39804608,-0.010367217702239973,5.1655173,0.9269206371696779,12.676708,-0.18278454856445236
892830810dbffff,0.37789494,0.010609734492095957,8.762332,0.6519424035854495,14.274856,0.19478166370849692
89283098397ffff,0.38341966,-0.011158677385995464,5.8234124,1.8234122283654788,7.42172,0.4391242899235843
892830812b3ffff,0.39334998,-0.006377182552481098,6.70622,-1.1980593420061032,11.723244,-1.384547291621093
89283081307ffff,0.39632922,-0.027490707290350358,7.6359053,-0.3706163251918948,13.9875345,-2.2859194269897465
892830983c7ffff,0.27937722,0.03686542546115723,5.4016943,3.4926032977905273,9.238462,3.079462528120117
89283081563ffff,1.054672,-0.014892778207641566,26.57605,4.709594024687497,24.270153,-0.1270934493457041
89283099d4bffff,0.75683755,0.013971532025408906,35.471405,1.3585004492968764,24.432404,0.055857964453124964
89283098ec3ffff,0.4663154,-0.0054343592204956215,3.8686006,-2.6913997050816656,9.494782,-0.859096052185059
892830810cfffff,0.41388175,0.01049345146471864,7.9468718,1.9841617310073243,15.196839,0.8949911975805662
892830810d3ffff,0.46270064,0.005637294094778422,8.382561,-0.9410638540195322,15.697514,-0.2457398846777359
89283081233ffff,0.77408814,-0.039257472997631826,18.023167,-3.8472040480058602,19.71835,-0.053169398212890684
8928308154bffff,0.5678678,-0.024236028205462667,7.1770477,-1.1788849275078128,14.518129,-0.29887104124511765
89283099cafffff,0.30927235,0.005765722380767835,4.94876,2.7800853146538085,8.341453,-0.6686251504282232
8928308157bffff,1.1222448,-0.014216441100097565,27.750679,-7.249320203886718,25.906223,-2.931276912880861
8928309802fffff,0.43394163,-0.02466084729076845,6.162698,-2.091089984946777,10.237448,0.3329595966474592
89283099dd3ffff,0.38849163,0.020434716554199206,7.7040315,4.600583164437744,11.037947,1.222739779049805
89283081017ffff,0.44483542,-0.00175835542678221,8.0392275,-0.10362988634326165,15.511497,0.6804233088842775
89283098173ffff,0.4677757,-0.04403700042349856,4.727685,-2.63595153732959,10.259831,-1.151995671472168
8928308108fffff,0.43505478,-0.007155321047265628,6.704742,-0.15240060719653403,14.769676,-0.0778431315039061
8928309822bffff,0.39376011,-0.0016450113917816367,14.147263,10.020556889742187,13.143837,6.035704114597656
892830812b7ffff,0.47951552,0.012686969318429553,8.577512,0.5947529424145506,13.993587,1.2893785602221683
89283081313ffff,0.59877825,0.0006700480332519909,12.928178,-1.0361079414428715,17.630095,0.23912122319824292
89283099c2fffff,0.48180312,0.008693099882586652,16.827414,11.13296924195996,15.297681,1.7587608647973632
89283099c8fffff,0.6560227,0.0009808766894714438,19.321848,-2.428151454350587,14.641583,-1.1717184373120109
8928308156bffff,0.74306387,-0.017495774407867537,18.143518,3.667888737875977,21.365583,1.3004842797998037
89283081047ffff,0.55016065,0.0023875556885986082,11.774192,2.053853691384276,17.392784,-0.1465911013476564
89283098e13ffff,0.5027452,-0.021397053375579844,8.964344,-3.510576740341797,11.687822,-0.9102123230810548
892830813c7ffff,0.51517105,-0.005395983074609312,10.2829275,-2.001933546877442,16.925203,-0.6695563766357431
8928308156fffff,0.47340038,-0.00541691951230161,8.145106,-0.9396485483872077,13.990926,-0.1282110961206051
89283099d17ffff,0.33179504,-0.059956333607244894,6.5528746,-3.554268154875489,8.844437,-1.1547790974921863
89283099d73ffff,0.31460667,-0.005902543985058628,5.2581997,-0.7418003602275398,8.953323,0.35381061575781203
89283098383ffff,0.36808214,-0.03782855658424378,4.8654547,0.2508175392670893,6.4923906,-0.05996334487060562
89283099897ffff,0.6965041,-0.007813993691650367,32.69807,3.889736786123045,23.362911,-0.19622727063476475
89283098147ffff,0.37607044,0.024786586715521197,5.921652,1.9216516502099612,8.731744,1.5536774505610351
89283099c93ffff,0.64558935,-0.008222267145947315,19.922096,-6.117377607558595,17.573694,-2.8897348108740246
89283099dcfffff,0.18730503,0.01664003460693969,3.2702992,3.270299196243286,5.661133,1.5466327665000001
8928308102fffff,0.43794256,-0.007945070912542707,5.460409,0.3678166854287106,12.735374,-1.300625799316407
89283081147ffff,0.47365218,0.012927432559551977,5.621689,-1.0279326572265628,13.553698,-1.4392996939404306
8928309835bffff,0.26082897,0.036929889462792964,5.224274,3.5099883624777832,9.014186,2.6844019234565426
89283099d5bffff,0.36262065,0.04730094312195432,5.691396,2.6913962104196774,8.718271,0.6360017134931635
8928308101bffff,0.47573656,-9.17448626525652e-05,11.4482765,1.8608904827753907,17.454496,-0.07459157633300606
892830810b3ffff,0.81049,0.015088522168884233,19.06217,0.09442834868652383,21.982813,-0.062135778530272745
892830810d7ffff,0.4844999,0.006789408383126805,11.599408,0.790052889719238,16.321617,0.5979079764648425
89283098363ffff,0.29010195,0.03538332055023807,4.785256,1.6556456444660643,8.518045,0.1798004899150385
89283081237ffff,1.1706853,-0.10366895620971683,21.262575,-16.95964671546386,18.456724,-5.098302058129882
892830813cfffff,0.28939018,0.025467954134652693,12.890035,0.9900343055981438,16.298046,0.07712686206054542
892830983afffff,0.26542425,0.018156963606396487,3.6753483,0.4753481298603517,6.3572564,1.6972753970061039
