h3id_9,max_counta,avg_congested_prop,max_length,max_avg_speed,min_avg_speed,avg_speed,max_median_level,min_median_level,median_level,bool_highway,usual_road_type
89283098313ffff,3,256.0973971452561,1442,6.402777777777778,0.9138888888888889,3.422877600522436,4,1,3,0,7
8928308146fffff,2,500.65841584158414,6789,16.344444444444445,0.45555555555555555,4.812098459845987,4,1,3,1,1
892830981c7ffff,1,285.625,305,2.486111111111111,1.8666666666666667,2.141493055555556,4,2,3,0,1
8928309813bffff,1,244.0,280,2.3305555555555557,1.7722222222222221,1.9166666666666667,4,3,4,0,6
89283098ec7ffff,1,150.0,150,1.1,1.0277777777777777,1.0587962962962965,3,3,3,0,1
89283098107ffff,1,665.5833333333334,1420,7.863888888888889,1.7305555555555556,4.333796296296296,4,2,4,0,6
89283098193ffff,1,519.3157894736842,1141,7.763888888888889,1.461111111111111,3.6372807017543867,4,2,3,0,6
89283081217ffff,1,448.7068965517241,3164,4.913888888888889,1.0583333333333333,2.3722701149425287,4,1,2,1,1
89283099c87ffff,3,103.66494845360825,1305,7.122222222222222,0.525,1.8692225085910656,4,2,4,1,7
89283081463ffff,1,319.3009708737864,812,4.088888888888889,0.8416666666666667,2.0419093851132684,4,1,3,0,7
892830983b3ffff,1,371.6190476190476,817,6.288888888888889,1.0166666666666666,2.7625661375661377,4,2,3,0,7
8928309856fffff,1,232.8,238,1.5083333333333333,1.2083333333333333,1.3794444444444445,4,3,4,0,1
89283099cabffff,1,806.0,806,5.377777777777778,4.819444444444445,5.09375,2,2,2,0,7
892830811bbffff,1,400.0,400,3.3194444444444446,3.202777777777778,3.253333333333334,4,4,4,0,2
892830810cbffff,4,86.37662337662337,1098,4.194444444444445,0.0,1.3943055555555552,5,1,4,0,7
8928308116bffff,1,1023.1255230125523,4834,17.738888888888887,1.9944444444444445,4.781566713156672,4,1,4,1,4
892830812a7ffff,2,301.8405017921147,1453,6.3277777777777775,0.7805555555555556,3.4127140581441653,4,2,3,0,6
89283081333ffff,2,157.57194244604315,606,4.636111111111111,0.9833333333333333,2.183558153477218,4,2,3,0,7
8928308115bffff,1,275.25,760,4.727777777777778,0.7472222222222222,1.5551388888888888,4,2,4,0,7
89283098163ffff,1,378.8139534883721,653,4.486111111111111,1.3722222222222222,2.4830749354005164,4,3,3,0,2
89283098333ffff,1,448.375,514,3.25,2.1777777777777776,2.805902777777778,2,2,2,0,1
892830813d7ffff,1,485.1304347826087,818,5.725,0.7777777777777778,3.0241545893719795,4,2,3,0,2
89283098187ffff,1,455.01063829787233,1033,6.947222222222222,1.4305555555555556,3.2451832151300244,4,2,3,0,6
89283081157ffff,4,206.47269890795633,1152,8.327777777777778,0.0,2.836550962038481,5,2,4,0,6
89283098357ffff,1,597.5862068965517,1668,6.608333333333333,1.2472222222222222,3.637675606641123,4,1,3,0,7
892830811dbffff,1,376.4594594594595,1243,5.3805555555555555,0.525,2.367192192192192,4,2,3,0,6
892830983b7ffff,1,809.36,1440,5.833333333333333,1.5833333333333333,4.291,3,2,3,0,7
892830983c3ffff,1,269.0,269,2.191666666666667,1.35,1.7865079365079364,4,3,3,0,1
892830812bbffff,1,322.275,551,3.438888888888889,0.6805555555555556,1.8646527777777782,4,2,3,0,1
8928308139bffff,2,118.33793103448276,639,4.458333333333333,0.0,0.3494252873563218,5,2,5,0,2
89283098177ffff,1,825.4126984126984,8802,11.536111111111111,0.8583333333333333,2.911419753086419,4,2,3,1,6
89283098103ffff,1,244.72727272727272,394,2.475,0.5777777777777777,1.2953282828282828,4,3,4,0,1
8928309811bffff,1,8067.072463768116,10742,19.01388888888889,7.433333333333334,11.48663446054751,3,1,2,1,3
89283081067ffff,2,213.5690789473684,1024,6.1,0.8638888888888889,2.3689601608187134,4,1,3,0,7
8928308107bffff,2,261.4823091247672,1861,6.1194444444444445,0.3527777777777778,2.808648872336023,4,1,3,0,6
8928308110fffff,1,792.0,792,6.5,1.8083333333333333,3.5857594936708863,4,3,4,0,4
89283098e43ffff,2,210.92605633802816,1493,5.958333333333333,0.8,2.559683098591549,4,2,4,0,6
89283098e4fffff,2,164.11111111111111,858,7.063888888888889,1.2444444444444445,2.4212770061728386,4,2,2,0,6
892830813abffff,1,335.36,968,4.758333333333334,1.0277777777777777,2.1586666666666665,4,3,3,0,6
89283099d53ffff,1,249.0,249,1.3333333333333333,1.2472222222222222,1.2829365079365078,3,3,3,0,2
89283099c3bffff,1,7528.2,10975,15.344444444444445,5.6305555555555555,9.809444444444445,3,1,3,1,3
8928308101bffff,8,52.23982319078947,1109,4.166666666666667,0.0,2.234761684484649,5,1,3,0,6
892830810b3ffff,2,269.86641221374043,2959,19.480555555555554,0.8527777777777777,2.9337468193384217,4,1,3,1,7
892830810d7ffff,6,67.23704594017094,1065,5.625,0.0,2.053194147673314,5,1,3,0,2
89283081237ffff,2,313.05457746478874,1682,6.563888888888889,1.086111111111111,3.608110817683881,4,2,3,0,6
89283098363ffff,2,327.1266233766234,1641,5.552777777777778,1.15,3.212436868686869,4,2,3,0,7
892830813cfffff,2,288.1363636363636,2755,15.616666666666667,0.7388888888888889,3.418890291806959,4,1,3,1,6
892830983afffff,1,353.0,357,2.6166666666666667,2.2305555555555556,2.415277777777778,2,2,2,0,1
8928309835bffff,2,158.09756097560975,675,4.152777777777778,0.42777777777777776,1.9011969286359534,4,3,4,0,7
8928308102fffff,1,353.14814814814815,1217,5.888888888888889,0.14722222222222223,1.8876543209876546,4,1,3,0,1
89283081147ffff,1,104.3883495145631,824,4.786111111111111,0.0,0.18249730312837106,5,1,5,0,7
89283099d5bffff,1,380.0,380,2.6194444444444445,2.4444444444444446,2.516666666666667,4,4,4,0,7
89283081093ffff,7,43.4721706864564,1825,4.341666666666667,0.0,1.1015005497148351,5,2,4,0,7
892830981cfffff,2,1889.27868852459,11076,17.775,2.0027777777777778,6.10059957498482,4,1,3,1,4
89283099d87ffff,1,332.3333333333333,821,5.186111111111111,1.525,2.370949074074074,4,2,3,0,2
89283081153ffff,1,467.8970588235294,1469,5.375,0.2916666666666667,1.724877450980392,4,3,4,0,6
8928309816bffff,1,845.3181818181819,1011,6.508333333333334,4.6,5.539520202020202,3,2,2,0,7
89283098367ffff,1,355.0,355,2.3305555555555557,2.275,2.3006944444444444,2,2,2,0,1
892830810c3ffff,3,169.41646390916463,1313,4.461111111111111,0.49722222222222223,2.5490498558168873,5,1,2,0,6
892830810c7ffff,6,68.52420470262794,1080,5.438888888888889,0.0,2.130218418626095,5,1,3,0,7
89283081187ffff,1,525.6071428571429,1073,4.983333333333333,0.0,2.1445932539682544,5,2,3,0,4
8928309838fffff,2,336.0044642857143,1766,6.333333333333333,1.0638888888888889,2.9555431547619047,4,2,3,0,7
8928308130bffff,2,275.83490566037733,1342,5.222222222222222,0.9694444444444444,3.2948375262054506,4,2,3,0,7
89283098e9bffff,1,597.4897959183673,1263,6.205555555555556,0.675,3.5693310657596378,4,2,3,0,6
89283099c97ffff,3,922.4294871794872,16005,15.725,0.19722222222222222,3.3276917141500486,4,1,4,1,3
89283099dd7ffff,1,400.74074074074076,547,3.975,0.9777777777777777,2.5137860082304533,4,2,3,0,1
89283098183ffff,1,246.075,339,2.0194444444444444,0.6138888888888889,1.5124305555555555,4,2,3,0,6
89283098227ffff,1,410.75,500,3.636111111111111,1.6222222222222222,2.146875,4,3,4,0,7
892830983a3ffff,1,412.38461538461536,512,3.2944444444444443,1.738888888888889,2.2841880341880345,4,3,3,0,1
89283099ddbffff,1,300.94117647058823,344,2.7305555555555556,1.7472222222222222,2.2401960784313726,3,3,3,0,7
8928309814fffff,1,728.0,728,5.655555555555556,5.15,5.302083333333334,2,2,2,0,1
8928309822fffff,1,266.0,266,2.2083333333333335,2.191666666666667,2.2,2,2,2,0,1
8928308155bffff,1,208.0,208,1.5333333333333334,1.4861111111111112,1.5104166666666667,4,4,4,0,1
892830813afffff,2,223.79044117647058,1683,5.838888888888889,0.5972222222222222,2.749673202614378,4,2,3,0,7
892830813b7ffff,2,428.43148148148146,1160,9.216666666666667,0.0,3.259367283950618,5,2,4,1,4
892830981d7ffff,1,346.3333333333333,410,3.3027777777777776,0.6694444444444444,2.44728835978836,4,3,3,0,1
89283098197ffff,1,792.5714285714286,1161,8.172222222222222,1.836111111111111,5.698015873015874,3,2,2,0,6
8928308102bffff,2,185.04545454545453,1095,5.961111111111111,0.8888888888888888,2.4040782828282827,4,2,3,0,6
89283081057ffff,5,67.16182572614107,1211,4.027777777777778,0.0,1.7541710209517953,5,1,3,0,7
892830811c7ffff,1,354.8695652173913,1332,6.038888888888889,0.2111111111111111,2.1017512077294684,4,2,3,0,6
892830812a3ffff,1,245.0185185185185,857,4.947222222222222,0.7638888888888888,1.5948559670781894,4,2,3,0,1
892830813a7ffff,2,256.13157894736844,1222,7.025,0.0,1.750950292397661,5,2,5,0,7
892830813c3ffff,2,569.4805825242719,1497,12.452777777777778,0.23055555555555557,5.798698759439052,4,2,3,1,3
89283098167ffff,1,579.4893617021277,1370,6.319444444444445,0.0,3.314952718676123,5,1,3,0,6
89283081467ffff,2,187.2655172413793,1435,3.65,0.5416666666666666,2.0067337164750962,4,2,3,0,1
89283099d4fffff,1,1940.857142857143,9469,11.191666666666666,1.0833333333333333,3.740079365079365,4,3,4,1,2
892830983cbffff,1,584.0,638,5.083333333333333,3.388888888888889,4.316666666666666,3,3,3,0,7
89283099ca7ffff,1,218.0,218,1.5583333333333333,1.475,1.5180555555555557,4,4,4,0,7
89283098317ffff,1,196.42857142857142,271,1.3277777777777777,1.0222222222222221,1.2325396825396826,3,3,3,0,1
89283081013ffff,10,45.81246418338109,1392,4.538888888888889,0.0,2.4046800713679293,5,1,2,0,6
89283081083ffff,3,359.14332675871134,9464,17.113888888888887,0.8333333333333334,3.767713127328511,4,1,3,1,6
8928309818fffff,2,244.61111111111111,1490,7.85,0.2111111111111111,3.172333676268862,4,2,3,0,6
8928308118fffff,1,326.2857142857143,406,2.6333333333333333,1.525,1.8567460317460316,3,1,3,0,1
8928309836fffff,1,513.75,1411,6.516666666666667,1.3277777777777777,2.938958333333334,4,2,4,0,7
8928309837bffff,2,320.21835443037975,1138,5.8277777777777775,1.2944444444444445,3.7714398734177226,4,2,3,0,7
892830811d7ffff,4,54.41525423728814,465,2.433333333333333,0.0,0.33175612052730696,5,3,5,0,7
89283099d8bffff,1,471.25,795,5.008333333333334,2.1166666666666667,3.44375,3,2,3,0,7
892830981c3ffff,1,7647.929577464789,11371,17.413888888888888,1.5194444444444444,9.827895148669798,4,1,3,1,3
89283098347ffff,2,185.54929577464787,1060,4.872222222222222,0.8611111111111112,2.3444346635367763,4,2,3,0,7
89283081183ffff,1,583.9310344827586,996,6.211111111111111,1.9055555555555554,3.962835249042145,3,1,2,0,7
8928308119bffff,2,241.29310344827587,1346,5.177777777777778,1.1888888888888889,3.2176005747126437,4,2,3,0,7
89283081303ffff,1,416.27358490566036,1455,5.538888888888889,1.0555555555555556,2.375104821802935,4,2,3,0,7
8928308152fffff,1,6198.0,7885,20.283333333333335,13.330555555555556,17.8875,2,1,1,1,3
8928309830bffff,1,244.71428571428572,331,2.5722222222222224,1.4583333333333333,1.9361111111111111,3,3,3,0,1
8928309832bffff,1,179.0,179,1.4027777777777777,1.4027777777777777,1.4027777777777777,2,2,2,0,1
8928308110bffff,2,433.31058020477815,994,7.7444444444444445,0.42777777777777776,2.883029958285931,4,2,4,0,4
892830811cfffff,3,63.50340136054422,989,4.205555555555556,0.0,0.1832482993197279,5,2,5,0,7
89283081143ffff,1,183.94,603,3.966666666666667,0.0,0.12566666666666665,5,2,5,0,7
89283081087ffff,2,2008.3261904761905,10032,18.419444444444444,0.875,9.535363756613755,4,1,2,1,3
8928308106fffff,4,83.19520547945206,1169,4.644444444444445,0.0,0.6497383942161339,5,2,5,0,2
8928308108bffff,5,76.05382488479263,1329,4.4944444444444445,0.0,1.9599890339648403,5,1,3,0,6
8928309831bffff,2,257.94545454545454,1448,6.897222222222222,0.2222222222222222,3.258901515151516,4,2,3,0,7
8928309839bffff,2,359.810502283105,1488,4.958333333333333,1.0055555555555555,2.090766108574327,4,2,4,0,7
892830812afffff,3,223.44809322033896,2362,18.52777777777778,0.9722222222222222,3.876490407250471,4,1,3,1,6
8928308152bffff,1,5039.0,5039,4.691666666666666,4.425,4.613333333333333,4,4,4,1,3
8928308114bffff,4,34.94318181818182,914,6.166666666666667,0.0,0.3240951178451179,5,2,5,0,1
89283099d57ffff,1,651.0,666,4.516666666666667,4.266666666666667,4.416269841269842,2,2,2,0,6
892830811cbffff,2,94.81481481481481,823,4.1305555555555555,0.0,0.757201646090535,5,2,5,0,2
89283081007ffff,7,54.28181959806824,1347,5.791666666666667,0.0,2.4916407742062052,5,2,3,1,4
89283098223ffff,1,385.82,1004,5.716666666666667,1.2083333333333333,2.8212222222222225,4,2,3,0,7
89283081103ffff,1,1187.1420765027322,1386,9.602777777777778,1.2583333333333333,3.648846387370976,4,2,4,0,4
89283098343ffff,2,408.86695278969955,2202,6.938888888888889,1.05,3.7442894611349553,4,2,3,0,7
89283098393ffff,2,205.00986842105263,1227,5.583333333333333,0.6972222222222222,2.0712079678362567,4,2,3,0,7
8928308131bffff,2,229.55722891566265,1198,6.016666666666667,0.8472222222222222,2.9423025435073624,4,2,3,0,2
89283099dc3ffff,1,347.75,716,3.3833333333333333,1.2472222222222222,1.8423611111111111,4,1,3,0,1
8928308111bffff,1,386.57142857142856,745,3.9027777777777777,0.4638888888888889,2.311970899470899,4,2,3,0,1
892830813b3ffff,1,182.95,201,1.4055555555555554,0.9166666666666666,1.2040277777777777,4,3,3,0,7
8928309832fffff,4,5.183434121312076,1421,1.9925925925925927,0.0,0.017281553933445996,5,5,5,0,2
892830983d7ffff,2,303.4417808219178,1623,5.377777777777778,1.0444444444444445,3.0062119482496192,4,2,3,0,6
892830813a3ffff,2,742.3371802869619,1548,12.772222222222222,0.9166666666666666,3.714961530463715,4,2,4,1,4
89283098323ffff,1,657.4418604651163,1247,5.558333333333334,0.9305555555555556,3.004780361757106,4,2,3,0,6
892830810a7ffff,1,494.2142857142857,995,5.091666666666667,1.9972222222222222,3.195238095238096,3,2,3,0,6
89283099d97ffff,1,257.1,345,1.8138888888888889,1.1527777777777777,1.3119444444444444,3,2,3,0,1
89283098567ffff,1,231.0,231,1.8888888888888888,1.7694444444444444,1.819047619047619,4,4,4,0,6
89283098027ffff,1,328.18,841,2.7444444444444445,0.48055555555555557,1.6543333333333334,4,2,3,0,1
89283081043ffff,7,61.001656314699794,1248,6.147222222222222,0.0,2.393012997469519,5,2,3,0,7
89283081077ffff,2,216.64601769911505,1708,8.997222222222222,0.5638888888888889,2.4226769911504427,4,2,3,1,6
89283098303ffff,1,396.63235294117646,928,5.35,1.1111111111111112,2.391380718954249,4,2,3,0,6
89283098337ffff,1,452.6666666666667,508,3.15,2.8444444444444446,3.0416666666666665,2,2,2,0,1
89283098ed7ffff,1,589.3026315789474,1620,8.466666666666667,1.5138888888888888,3.540277777777778,4,1,3,0,7
892830813dbffff,2,251.69927536231884,2093,7.663888888888889,1.1333333333333333,2.4212862318840584,4,1,3,1,1
8928308146bffff,2,1085.8098434004473,8320,19.966666666666665,0.3972222222222222,7.9296420581655465,4,1,3,1,3
89283081567ffff,1,1020.1538461538462,1809,11.416666666666666,2.311111111111111,5.508119658119657,3,2,3,1,2
89283099d1bffff,1,259.2914285714286,430,2.4611111111111112,0.7805555555555556,1.7306984126984126,4,3,4,0,7
89283099d9bffff,2,290.7361111111111,1817,6.411111111111111,0.9833333333333333,3.4116512345679,4,1,3,0,2
89283098563ffff,1,521.0,521,4.316666666666666,4.186111111111111,4.249444444444444,3,3,3,0,6
89283098387ffff,2,288.3255813953488,1648,6.227777777777778,0.9138888888888889,2.952853143841516,4,2,4,0,7
892830812abffff,1,430.2,2029,14.422222222222222,1.1944444444444444,2.7522222222222226,3,2,3,1,4
89283098edbffff,1,487.95238095238096,1014,5.372222222222222,1.6416666666666666,3.163492063492064,4,1,3,0,1
892830810a3ffff,1,302.5416666666667,679,3.35,1.1111111111111112,1.9401620370370372,4,3,3,0,2
89283099c03ffff,1,10613.75,14897,12.6,3.808333333333333,8.90625,4,2,3,1,3
89283081027ffff,1,583.5416666666666,879,5.375,2.0194444444444444,3.759259259259259,3,2,3,0,6
8928309814bffff,2,249.91294642857142,1290,7.783333333333333,1.2694444444444444,3.161563740079365,4,1,3,0,7
89283081317ffff,2,222.82291666666666,1542,5.608333333333333,0.9333333333333333,2.834278549382716,4,2,3,1,6
89283098e8bffff,1,993.2784810126582,1844,9.386111111111111,2.1555555555555554,5.717334739803094,4,1,3,0,7
89283099d03ffff,1,530.5121951219512,777,5.616666666666666,1.1777777777777778,3.1926829268292676,4,2,3,0,7
89283081387ffff,2,224.52542372881356,940,5.497222222222222,0.8111111111111111,2.158262711864406,4,2,3,0,7
89283099cb3ffff,1,279.8888888888889,415,1.8916666666666666,1.7638888888888888,1.8157407407407407,3,3,3,0,1
89283098037ffff,1,452.55555555555554,715,2.591666666666667,0.6333333333333333,1.5979938271604937,4,3,3,0,1
89283099db3ffff,1,575.8461538461538,1059,6.458333333333333,1.0527777777777778,3.801495726495727,3,1,3,0,6
89283098e57ffff,1,432.0,432,2.9972222222222222,2.9027777777777777,2.9458333333333333,2,2,2,0,6
8928309816fffff,1,357.0,728,5.0777777777777775,1.0722222222222222,2.332885304659498,4,2,3,0,2
892830810b7ffff,2,506.4314868804665,6727,11.88888888888889,1.1333333333333333,4.400060738581147,4,1,2,1,7
89283081357ffff,2,213.30333333333334,1361,7.194444444444445,0.8333333333333334,2.8141990740740748,4,2,3,0,7
8928308138fffff,1,311.537037037037,843,4.266666666666667,1.1611111111111112,2.006327160493827,4,1,2,0,1
89283099d8fffff,2,219.6273291925466,941,6.8694444444444445,0.7416666666666667,2.5996376811594195,4,2,3,0,7
89283099ca3ffff,1,646.0,743,4.761111111111111,0.6138888888888889,3.205050505050504,4,2,2,0,7
89283081edbffff,1,240.275,750,4.280555555555556,0.9777777777777777,1.5022222222222221,4,1,3,0,1
89283098117ffff,1,547.1714285714286,767,6.083333333333333,0.6777777777777778,3.452063492063492,4,3,3,0,6
8928308106bffff,6,38.99740932642487,996,6.347222222222222,0.0,1.024539435808866,5,2,5,0,6
892830810bbffff,2,160.62325581395348,939,6.027777777777778,0.0,1.5164534883720928,5,1,3,1,7
892830813d3ffff,3,95.10906298003073,1208,5.286111111111111,0.0,1.3616466120498378,5,2,5,0,6
89283081577ffff,1,7015.9384615384615,11845,17.444444444444443,4.116666666666666,8.462094017094017,4,1,3,1,3
89283099dbbffff,2,244.29435483870967,1062,6.9,1.0722222222222222,3.0101814516129033,4,2,3,0,7
89283081037ffff,1,187.94444444444446,388,1.5833333333333333,0.7388888888888889,1.0399691358024694,4,2,4,0,2
8928309810fffff,2,3038.2474226804125,10112,19.416666666666668,0.16944444444444445,10.950238640702562,4,1,2,1,3
8928309812bffff,1,6488.617834394904,9683,18.519444444444446,6.761111111111111,13.503237791932062,3,1,2,1,3
892830810afffff,1,428.8181818181818,1903,3.4805555555555556,1.2972222222222223,2.011868686868687,4,3,3,0,6
89283099d0bffff,1,401.2908163265306,1063,5.394444444444445,0.4638888888888889,2.1922689909297053,4,2,3,0,6
892830810abffff,1,505.98387096774195,1313,4.5,1.2361111111111112,2.3798835125448035,4,1,3,0,7
89283099cb7ffff,1,481.0851063829787,767,4.55,1.9583333333333333,3.1050827423167844,3,2,3,0,7
8928309802fffff,3,118.31649831649833,1463,5.991666666666666,1.3722222222222222,2.2490319865319868,4,2,3,0,7
892830810cfffff,2,197.39141414141415,1098,4.108333333333333,0.4861111111111111,2.459946689113356,4,1,3,0,7
892830810d3ffff,7,66.13045552110661,1403,4.466666666666667,0.0,2.1286431861744886,5,1,3,0,7
89283081233ffff,3,124.74683110654333,1151,5.575,0.0,2.179686726809029,5,1,3,0,6
8928308154bffff,3,77.7632398753894,884,6.330555555555556,0.0,0.9346378504672898,5,2,5,0,7
89283099cafffff,1,642.6756756756756,1169,6.091666666666667,1.4638888888888888,3.601426426426426,4,2,3,0,7
8928308157bffff,2,79.69778726708074,2807,8.852777777777778,0.0,0.36473483868184947,5,1,5,0,1
89283099dd3ffff,1,557.7333333333333,1294,5.988888888888889,2.638888888888889,3.5363888888888892,3,2,3,0,7
89283081053ffff,10,37.52330383480826,1189,4.266666666666667,0.0,1.7903548017043596,5,1,3,0,2
8928308114fffff,12,16.33093525179856,809,5.763888888888889,0.0,0.2550426325606182,5,2,5,0,1
8928309834bffff,2,294.3758620689655,2298,6.844444444444444,0.5777777777777777,2.6931896551724144,4,2,4,0,7
89283098353ffff,1,374.94827586206895,824,4.933333333333334,1.0638888888888889,2.284458812260537,4,2,3,0,7
89283098e5bffff,2,211.58516483516485,1089,5.25,1.1972222222222222,2.5796398046398052,4,2,4,0,6
89283098ed3ffff,2,490.7310344827586,1259,8.05,1.2472222222222222,5.040488505747125,4,1,2,0,7
8928309830fffff,1,411.96,983,4.658333333333333,1.1972222222222222,2.073111111111111,4,2,3,0,2
8928309833bffff,1,595.9777777777778,1241,5.375,1.3055555555555556,2.900185185185186,4,2,3,0,6
89283099cbbffff,1,493.8484848484849,925,5.9944444444444445,1.6944444444444444,3.197306397306397,4,2,3,0,7
89283099d93ffff,1,520.952380952381,660,4.838888888888889,2.2194444444444446,2.9933862433862437,3,2,2,0,1
8928308100fffff,3,112.69431988041855,1771,6.225,0.0,1.9446956485633615,5,1,3,0,6
89283081073ffff,8,40.81447963800905,1243,6.069444444444445,0.0,1.7175433634992456,5,1,3,0,6
89283098e1bffff,1,698.2755102040817,1210,8.327777777777778,4.1305555555555555,5.019897959183673,3,2,3,0,6
89283081383ffff,2,215.01041666666666,1086,5.416666666666667,0.9583333333333334,2.447887731481481,4,2,3,0,7
89283098e4bffff,1,491.4375,801,6.322222222222222,2.5722222222222224,3.301996527777778,4,1,3,0,6
89283081393ffff,5,54.099470899470894,962,5.361111111111111,0.0,0.9731172839506173,5,2,5,0,1
892830813bbffff,1,434.5,1141,6.7972222222222225,0.9472222222222222,2.5413690476190474,4,2,3,0,7
89283081ed3ffff,2,361.1991525423729,939,6.727777777777778,1.6388888888888888,4.093467514124293,4,2,4,0,4
89283081033ffff,1,357.8333333333333,1034,4.838888888888889,0.6666666666666666,1.9904706790123454,4,2,3,0,6
892830981bbffff,1,1005.2,1153,5.7,5.236111111111111,5.482222222222221,3,3,3,0,6
892830981d3ffff,1,458.2857142857143,748,5.519444444444445,1.3111111111111111,2.313690476190476,4,2,4,0,1
89283098307ffff,1,448.4172185430464,1281,5.2444444444444445,0.9472222222222222,2.4399190581309775,4,2,3,0,6
89283081173ffff,1,566.2147651006711,1119,7.486111111111111,0.6861111111111111,2.9954697986577172,4,2,4,0,6
89283081193ffff,1,580.2702702702703,1330,11.022222222222222,1.8111111111111111,4.214264264264264,4,2,3,1,4
892830811c3ffff,2,110.8391304347826,1227,6.597222222222222,0.0,0.523768115942029,5,2,5,0,7
892830811d3ffff,1,244.125,487,3.0972222222222223,0.8833333333333333,1.5920138888888886,4,2,3,0,2
89283081397ffff,5,26.345714285714287,402,2.566666666666667,0.0,0.267281746031746,5,2,5,0,1
89283099c13ffff,1,9232.981132075472,15082,17.32777777777778,1.2638888888888888,8.493134171907757,4,1,3,1,3
8928308154fffff,1,349.7857142857143,645,4.7,1.1944444444444444,2.2906746031746024,4,3,4,0,2
8928309838bffff,1,685.0,685,4.355555555555555,3.4055555555555554,3.8805555555555555,3,3,3,0,6
89283098143ffff,2,334.93684210526317,1838,6.966666666666667,0.7388888888888889,3.9645467836257313,4,2,3,0,7
8928309815bffff,1,382.3783783783784,1137,5.441666666666666,1.2,2.3836336336336332,4,2,3,0,7
89283099c83ffff,2,381.46,12456,14.497222222222222,0.3138888888888889,1.6998923611111108,4,1,3,1,1
892830983abffff,1,343.6666666666667,461,1.8444444444444446,1.5361111111111112,1.7261574074074073,3,3,3,0,1
8928308100bffff,10,45.58158123370982,1453,4.961111111111111,0.0,2.3206302088361164,5,2,3,0,6
8928308104fffff,7,42.82714794102695,1316,4.522222222222222,0.0,1.4875179112768084,5,2,4,0,6
8928309818bffff,1,705.4324324324324,1273,7.725,1.163888888888889,4.557582582582582,4,2,3,0,1
8928308109bffff,10,206.47748226950353,9127,19.708333333333332,0.0,7.3391364865160655,5,1,3,1,6
892830981cbffff,1,357.0,367,2.308333333333333,2.2222222222222223,2.261574074074074,2,2,2,0,1
89283098327ffff,1,481.2857142857143,1305,4.636111111111111,1.475,3.0138888888888893,4,2,3,0,2
89283099dc7ffff,2,223.37297297297297,605,4.102777777777778,1.1888888888888889,2.1646771771771776,4,2,4,0,7
8928308103bffff,1,258.6666666666667,316,2.511111111111111,0.5583333333333333,1.7189814814814814,4,3,4,0,1
892830983cfffff,1,311.7692307692308,479,2.977777777777778,0.5611111111111111,1.8833333333333333,4,2,3,0,1
8928308138bffff,2,195.84615384615384,794,4.488888888888889,1.7444444444444445,2.648397435897436,3,1,3,0,1
89283081117ffff,2,774.9015748031496,1585,13.183333333333334,0.5805555555555556,3.503007436570428,4,2,4,0,4
8928308130fffff,1,460.32142857142856,769,4.116666666666666,1.113888888888889,2.6248015873015875,4,1,3,0,7
89283099d7bffff,2,163.79268292682926,592,3.411111111111111,1.7527777777777778,2.296443089430894,4,1,4,0,4
89283099dcbffff,1,352.70588235294116,499,2.1972222222222224,1.0305555555555554,1.6970588235294115,4,3,3,0,2
89283081197ffff,1,608.2173913043479,1140,6.413888888888889,1.3305555555555555,3.653140096618358,4,2,3,1,4
89283081023ffff,1,464.92857142857144,971,5.733333333333333,1.3027777777777778,2.9452380952380954,4,2,3,0,7
89283098153ffff,1,287.2,756,4.891666666666667,1.136111111111111,1.9016666666666666,4,3,4,0,1
892830983bbffff,1,414.0,460,2.7916666666666665,1.9805555555555556,2.5148148148148146,3,1,1,0,1
8928309834fffff,1,442.8,787,4.7,2.1527777777777777,2.981666666666667,4,3,4,0,7
892830981dbffff,1,9525.0,9525,10.416666666666666,10.416666666666666,10.416666666666666,2,2,2,1,3
89283081003ffff,3,142.118605408928,947,5.025,0.0,2.3649270482603817,5,1,2,0,2
89283081063ffff,2,194.74528301886792,1158,5.5055555555555555,0.0,1.4754367575122298,5,2,4,0,7
8928309810bffff,1,7800.272727272727,9723,18.094444444444445,9.030555555555555,11.268181818181818,3,1,3,1,3
89283098237ffff,1,484.67857142857144,1143,4.925,1.038888888888889,2.8995039682539683,4,2,3,0,7
89283098147ffff,1,752.0,1076,4.966666666666667,2.2916666666666665,3.36875,4,2,3,0,2
89283081047ffff,7,65.66176898457958,1569,5.511111111111111,0.0,2.3531090044073752,5,2,3,0,6
89283098383ffff,1,246.7,335,1.9944444444444445,1.0555555555555556,1.6174999999999997,4,3,3,0,1
89283098e13ffff,1,520.5698924731183,1993,7.402777777777778,0.875,2.922834528076463,4,2,3,0,7
892830813c7ffff,3,190.65641025641025,1308,10.16388888888889,0.6388888888888888,3.345148148148149,4,2,4,1,4
89283099897ffff,1,4025.04,13416,10.13888888888889,1.3444444444444446,5.440111111111111,4,3,3,1,2
8928308156fffff,9,30.061579651941102,1084,5.625,0.0,0.9484688755020082,5,2,5,0,7
89283099d17ffff,1,410.8392857142857,879,5.941666666666666,0.9083333333333333,2.716468253968254,4,2,3,0,6
89283099d73ffff,2,315.7408536585366,1090,4.697222222222222,1.3472222222222223,2.312144308943089,4,2,3,0,6
89283099dcfffff,1,642.0,897,4.058333333333334,2.761111111111111,3.405092592592593,1,1,1,0,1
89283099c93ffff,1,232.33333333333334,271,1.5472222222222223,0.8861111111111111,1.325925925925926,4,3,4,0,4
892830810dbffff,8,37.19113573407202,1281,5.955555555555556,0.0,1.060000192366882,5,2,5,0,6
89283098397ffff,1,397.0,1682,6.7,0.8194444444444444,2.2959477124183003,4,2,4,0,7
892830812b3ffff,1,445.99107142857144,761,4.330555555555556,1.086111111111111,2.3642609126984127,4,2,3,0,6
89283081307ffff,2,235.01342281879195,1028,5.816666666666666,0.16111111111111112,2.7556208053691273,4,1,3,0,7
89283081563ffff,2,59.435902555910545,7333,14.769444444444444,0.0,0.059675075434859774,5,2,5,1,1
89283099d4bffff,1,6559.913580246914,13049,17.072222222222223,1.7194444444444446,7.693689986282578,4,1,3,1,3
892830983c7ffff,1,400.7916666666667,727,3.691666666666667,0.7972222222222223,2.2496527777777775,4,2,3,0,2
89283098ec3ffff,1,878.0,878,4.127777777777778,4.127777777777778,4.127777777777778,2,2,2,0,2
892830980a7ffff,2,4997.444196428572,13977,19.18611111111111,5.0,8.873631262400792,4,1,3,1,3
89283098373ffff,1,419.72222222222223,808,4.955555555555556,0.2972222222222222,2.3703703703703702,4,2,4,0,2
89283098ecbffff,1,495.4230769230769,756,5.319444444444445,1.3527777777777779,2.7989316239316233,3,1,2,0,2
89283081097ffff,4,57.6820987654321,1152,6.191666666666666,0.0,0.8694787379972563,5,2,5,0,7
89283081113ffff,1,292.29411764705884,717,3.45,1.1444444444444444,1.8624183006535948,4,2,3,0,2
89283099c07ffff,1,7854.473684210527,14711,11.266666666666667,4.361111111111111,8.927631578947368,4,2,3,1,3
8928308117bffff,1,365.40909090909093,1587,11.9,0.0,1.0283775252525251,5,2,5,0,7
8928308118bffff,1,271.75,401,2.952777777777778,1.5555555555555556,2.009027777777778,3,2,3,0,1
89283081017ffff,4,93.79656040268456,1172,4.252777777777778,0.0,1.909235955754412,5,1,3,0,7
89283098173ffff,1,400.60377358490564,979,5.75,0.775,2.2197589098532498,4,2,4,0,2
8928308108fffff,2,228.8854748603352,939,4.277777777777778,0.8416666666666667,2.4432081522863642,4,1,2,0,2
8928309822bffff,1,8036.590909090909,16468,17.07777777777778,1.1,6.928535353535353,4,1,3,1,3
892830812b7ffff,7,70.69598470363289,1734,6.447222222222222,0.0,2.292696541119103,5,2,3,0,7
89283081313ffff,2,369.9871134020619,1480,12.077777777777778,0.9416666666666667,4.520341733486063,4,2,3,1,3
89283099c2fffff,1,3986.9127906976746,13783,17.8,1.425,5.745090439276485,4,1,3,1,3
89283099c8fffff,2,1818.0316666666668,15454,19.075,0.7694444444444445,4.146898148148148,4,1,3,1,4
8928308156bffff,2,276.9933774834437,6929,10.472222222222221,0.0,2.962936902133922,5,1,3,1,7
