,h3id_9,NO_Med,NO2_Med,BC_Med,city,polygon
0,89283098027ffff,2.4342105469999997,5.609563975,0.2699940226,2,"POLYGON((37.7306629062778 -122.17918967306716, 37.73234512839429 -122.17811328228909, 37.73385407020079 -122.17937083630243, 37.73368076654567 -122.18170478082268, 37.731998543942964 -122.18278110277218, 37.730489625481304 -122.18152354903262))"
1,8928309802fffff,8.253787777,9.904488142000002,0.4586024798,2,"POLYGON((37.73251835510618 -122.17577930840207, 37.73420054647643 -122.17470281996955, 37.73570951162633 -122.17596037424573, 37.73553626206226 -122.17829441669423, 37.73385407020079 -122.17937083630243, 37.73234512839429 -122.17811328228909))"
2,89283098037ffff,4.434444481,9.2268770025,0.38944748185,2,"POLYGON((37.72747165900226 -122.17900852072991, 37.7291539113647 -122.17793215878052, 37.7306629062778 -122.17918967306716, 37.730489625481304 -122.18152354903262, 37.72880737263209 -122.18259984215801, 37.727298401065866 -122.18134232814457))"
3,892830980a7ffff,87.95652166,41.959230235,2.3023114345,2,"POLYGON((37.722424780000985 -122.18223735363931, 37.72410709331601 -122.1811611181576, 37.725616117979214 -122.18241859244739, 37.72544280597672 -122.18475230193803, 37.72376049217936 -122.18582846859609, 37.722251490866554 -122.18457099458979))"
4,89283098103ffff,2.857142734,5.817000031,0.2940885294,2,"POLYGON((37.73281359320444 -122.19337386669893, 37.73449584748055 -122.19229778009858, 37.736004536558866 -122.19355545213902, 37.73583094801646 -122.19588921046319, 37.73414869327586 -122.1969652282042, 37.73264002754185 -122.19570755648309))"
5,89283098107ffff,12.13351281,11.821608995,0.4716199197,2,"POLYGON((37.73414869327586 -122.1969652282042, 37.73583094801646 -122.19588921046319, 37.73733956062397 -122.19714692191795, 37.737165895146966 -122.19948065078546, 37.73548363994746 -122.20055659965827, 37.73397505068358 -122.19929888853444))"
6,8928309810bffff,55.09375187,32.24672841,1.193045058,2,"POLYGON((37.73466935908758 -122.1899639923363, 37.736351582645995 -122.18888780807048, 37.73786029506717 -122.19014548041935, 37.737686760586755 -122.19247933672828, 37.736004536558866 -122.19355545213902, 37.73449584748055 -122.19229778009858))"
7,8928309810fffff,37.062500285,19.434889405,0.95557440095,2,"POLYGON((37.736004536558866 -122.19355545213902, 37.737686760586755 -122.19247933672828, 37.73919539653649 -122.19373704850297, 37.73902178511581 -122.19607087537113, 37.73733956062397 -122.19714692191795, 37.73583094801646 -122.19588921046319))"
8,89283098113ffff,3.563492163,6.9647578185,0.2423552067,2,"POLYGON((37.72962256648989 -122.19319229218179, 37.73130485100513 -122.19211623439024, 37.73281359320444 -122.19337386669893, 37.73264002754185 -122.19570755648309, 37.73095774256154 -122.19678354541985, 37.729449023708604 -122.19552591342988))"
9,89283098117ffff,9.709434074,11.525355314999999,0.5061649018000001,2,"POLYGON((37.73095774256154 -122.19678354541985, 37.73264002754185 -122.19570755648309, 37.73414869327586 -122.1969652282042, 37.73397505068358 -122.19929888853444, 37.7322927652438 -122.20037480860758, 37.7307841228555 -122.19911713721673))"
10,8928309811bffff,6.835555753,12.89348281,0.45325580055000003,2,"POLYGON((37.73147833973727 -122.18978251517073, 37.73316059354333 -122.18870635971983, 37.73466935908758 -122.1899639923363, 37.73449584748055 -122.19229778009858, 37.73281359320444 -122.19337386669893, 37.73130485100513 -122.19211623439024))"
11,8928309812bffff,68.285396565,35.842156205,1.6113286035,2,"POLYGON((37.74053034458928 -122.19732862656197, 37.742212538823274 -122.1962525512079, 37.743721045155134 -122.19751034213736, 37.74354733391321 -122.19984420809142, 37.74186513922142 -122.2009202145682, 37.74035665622905 -122.19966242397082))"
12,8928309813bffff,9.271698262000001,13.62073963,0.4520560878,2,"POLYGON((37.73733956062397 -122.19714692191795, 37.73902178511581 -122.19607087537113, 37.74053034458928 -122.19732862656197, 37.74035665622905 -122.19966242397082, 37.73867443127887 -122.20073840164481, 37.737165895146966 -122.19948065078546))"
13,89283098143ffff,5.9400001165,9.520347238,0.38484012344999996,2,"POLYGON((37.73518963189523 -122.18296237429088, 37.736871824242364 -122.18188602351579, 37.73838063647223 -122.18314365671506, 37.73820723301259 -122.18547764040615, 37.73652504018538 -122.18655392233924, 37.735016251297594 -122.18529628942588))"
14,89283098147ffff,4.00000019,7.178066362,0.35128385310000004,2,"POLYGON((37.73652504018538 -122.18655392233924, 37.73820723301259 -122.18547764040615, 37.739715968775215 -122.18673531305245, 37.73954248836888 -122.18906926733706, 37.73786029506717 -122.19014548041935, 37.736351582645995 -122.18888780807048))"
15,8928309814bffff,8.300883231,10.648750445000001,0.48021826985,2,"POLYGON((37.73704515075457 -122.17955201043674, 37.73872731235198 -122.17847556199685, 37.74023614792254 -122.17973319547109, 37.74006279855472 -122.18206727711288, 37.73838063647223 -122.18314365671506, 37.736871824242364 -122.18188602351579))"
16,8928309814fffff,2.500000119,6.2280912545,0.36943672674999994,2,"POLYGON((37.73838063647223 -122.18314365671506, 37.74006279855472 -122.18206727711288, 37.74157155765738 -122.1833249500457, 37.74139813133722 -122.18565900229683, 37.739715968775215 -122.18673531305245, 37.73820723301259 -122.18547764040615))"
17,89283098153ffff,4.755639028000001,8.3267498015,0.44195581414999996,2,"POLYGON((37.731998543942964 -122.18278110277218, 37.73368076654567 -122.18170478082268, 37.73518963189523 -122.18296237429088, 37.735016251297594 -122.18529628942588, 37.73333402821426 -122.186372542538, 37.73182518620887 -122.18511494935512))"
18,89283098157ffff,4.00000019,9.015281931,0.35772609710000003,2,"POLYGON((37.73333402821426 -122.186372542538, 37.735016251297594 -122.18529628942588, 37.73652504018538 -122.18655392233924, 37.736351582645995 -122.18888780807048, 37.73466935908758 -122.1899639923363, 37.73316059354333 -122.18870635971983))"
19,8928309815bffff,3.4666668310000004,7.309297765,0.3077110178,2,"POLYGON((37.73385407020079 -122.17937083630243, 37.73553626206226 -122.17829441669423, 37.73704515075457 -122.17955201043674, 37.736871824242364 -122.18188602351579, 37.73518963189523 -122.18296237429088, 37.73368076654567 -122.18170478082268))"
20,89283098163ffff,9.1463835535,11.71574998,0.42140633810000006,2,"POLYGON((37.7410511476594 -122.19032697942077, 37.74273331069536 -122.18925073752055, 37.7442419168477 -122.19050848934157, 37.74406833662507 -122.19284248275584, 37.74238617312074 -122.1939186557918, 37.74087759030713 -122.19266090428039))"
21,89283098167ffff,15.45374914,17.101379555,0.63383924505,2,"POLYGON((37.74238617312074 -122.1939186557918, 37.74406833662507 -122.19284248275584, 37.745576866294996 -122.19410027400644, 37.745403209122244 -122.1964342379745, 37.743721045155134 -122.19751034213736, 37.742212538823274 -122.1962525512079))"
22,8928309816bffff,7.000000216,11.44431423,0.4637487666,2,"POLYGON((37.74290681396713 -122.18691671467857, 37.744588946254865 -122.18584037509898, 37.74609757574451 -122.18709812721866, 37.74592404960882 -122.18943221862195, 37.7442419168477 -122.19050848934157, 37.74273331069536 -122.18925073752055))"
23,8928309816fffff,9.1982154735,11.77402055,0.55990095315,2,"POLYGON((37.7442419168477 -122.19050848934157, 37.74592404960882 -122.18943221862195, 37.7474326026154 -122.19069001018276, 37.74725899952392 -122.19302407215567, 37.745576866294996 -122.19410027400644, 37.74406833662507 -122.19284248275584))"
24,89283098173ffff,7.363636512,11.4118271,0.5118127029,2,"POLYGON((37.73786029506717 -122.19014548041935, 37.73954248836888 -122.18906926733706, 37.7410511476594 -122.19032697942077, 37.74087759030713 -122.19266090428039, 37.73919539653649 -122.19373704850297, 37.737686760586755 -122.19247933672828))"
25,89283098177ffff,31.33219192,23.62350082,1.106134763,2,"POLYGON((37.73919539653649 -122.19373704850297, 37.74087759030713 -122.19266090428039, 37.74238617312074 -122.1939186557918, 37.742212538823274 -122.1962525512079, 37.74053034458928 -122.19732862656197, 37.73902178511581 -122.19607087537113))"
26,8928309817bffff,4.5394735825,8.6582481595,0.465647347,2,"POLYGON((37.739715968775215 -122.18673531305245, 37.74139813133722 -122.18565900229683, 37.74290681396713 -122.18691671467857, 37.74273331069536 -122.18925073752055, 37.7410511476594 -122.19032697942077, 37.73954248836888 -122.18906926733706))"
27,89283098183ffff,8.064777643500001,7.910187732,0.3989291952,2,"POLYGON((37.72457559110084 -122.19642021263526, 37.72625793653333 -122.19534428130261, 37.72776670849766 -122.19660187356385, 37.72759311167935 -122.19893539683139, 37.72591076578625 -122.20001125930963, 37.72440201717176 -122.19875366737743))"
28,89283098187ffff,8.773923322,8.571375045,0.4602744586,2,"POLYGON((37.72591076578625 -122.20001125930963, 37.72759311167935 -122.19893539683139, 37.72910180718452 -122.20019302849168, 37.728928133447084 -122.20252652229219, 37.72724578709894 -122.20360231590712, 37.72573711494297 -122.20234468458749))"
29,8928309818bffff,11.94305321,11.69608853,0.5475919858,2,"POLYGON((37.726431456431804 -122.19301072858653, 37.72811377117712 -122.19193469960237, 37.72962256648989 -122.19319229218179, 37.729449023708604 -122.19552591342988, 37.72776670849766 -122.19660187356385, 37.72625793653333 -122.19534428130261))"
30,8928309818fffff,7.0555558325,10.401625275,0.37434878225,2,"POLYGON((37.72776670849766 -122.19660187356385, 37.729449023708604 -122.19552591342988, 37.73095774256154 -122.19678354541985, 37.7307841228555 -122.19911713721673, 37.72910180718452 -122.20019302849168, 37.72759311167935 -122.19893539683139))"
31,89283098193ffff,7.018125448999999,8.43618745,0.3896477183,2,"POLYGON((37.7213843903877 -122.19623856263308, 37.723066766032694 -122.19516266010018, 37.72457559110084 -122.19642021263526, 37.72440201717176 -122.19875366737743, 37.72271964106561 -122.19982950106044, 37.721210839349396 -122.19857194885381))"
32,89283098197ffff,4.7947455439999995,6.61664879,0.1853747332,2,"POLYGON((37.72271964106561 -122.19982950106044, 37.72440201717176 -122.19875366737743, 37.72591076578625 -122.20001125930963, 37.72573711494297 -122.20234468458749, 37.72405473838121 -122.20342044941178, 37.72254601311801 -122.20216285781959))"
33,8928309819bffff,10.20000009,12.6082499,0.4871236086,2,"POLYGON((37.72324026304682 -122.19282917591225, 37.724922608013145 -122.19175317573394, 37.726431456431804 -122.19301072858653, 37.72625793653333 -122.19534428130261, 37.72457559110084 -122.19642021263526, 37.723066766032694 -122.19516266010018))"
34,892830981bbffff,10.06451622,12.830713900000001,0.590440764,2,"POLYGON((37.72910180718452 -122.20019302849168, 37.7307841228555 -122.19911713721673, 37.7322927652438 -122.20037480860758, 37.732119068613706 -122.20270837093474, 37.73043675248827 -122.2037841933418, 37.728928133447084 -122.20252652229219))"
35,892830981c3ffff,13.166666485,14.469249965,0.7640972145,2,"POLYGON((37.72695175419462 -122.1860098156674, 37.72863403776304 -122.18493362019284, 37.73014293287846 -122.18619117364769, 37.72996952107748 -122.18852492228412, 37.728287237032866 -122.18960104892156, 37.72677836526512 -122.18834349576237))"
36,892830981c7ffff,11.74193585,10.37682956,0.4602916433,2,"POLYGON((37.728287237032866 -122.18960104892156, 37.72996952107748 -122.18852492228412, 37.73147833973727 -122.18978251517073, 37.73130485100513 -122.19211623439024, 37.72962256648989 -122.19319229218179, 37.72811377117712 -122.19193469960237))"
37,892830981cbffff,4.00000019,9.357422511000001,0.3512630182,2,"POLYGON((37.72880737263209 -122.18259984215801, 37.730489625481304 -122.18152354903262, 37.731998543942964 -122.18278110277218, 37.73182518620887 -122.18511494935512, 37.73014293287846 -122.18619117364769, 37.72863403776304 -122.18493362019284))"
38,892830981cfffff,21.58186869,18.431332585,0.7114322297,2,"POLYGON((37.73014293287846 -122.18619117364769, 37.73182518620887 -122.18511494935512, 37.73333402821426 -122.186372542538, 37.73316059354333 -122.18870635971983, 37.73147833973727 -122.18978251517073, 37.72996952107748 -122.18852492228412))"
39,892830981d3ffff,3.555555724,9.174841337,0.3267043428,2,"POLYGON((37.72376049217936 -122.18582846859609, 37.72544280597672 -122.18475230193803, 37.72695175419462 -122.1860098156674, 37.72677836526512 -122.18834349576237, 37.725096050990985 -122.18941959358791, 37.723587126122844 -122.18816208015363))"
40,892830981d7ffff,10.20000009,11.19449973,0.4701535202,2,"POLYGON((37.725096050990985 -122.18941959358791, 37.72677836526512 -122.18834349576237, 37.728287237032866 -122.18960104892156, 37.72811377117712 -122.19193469960237, 37.726431456431804 -122.19301072858653, 37.724922608013145 -122.19175317573394))"
41,892830981dbffff,81.90032011,41.61332296,1.957823459,2,"POLYGON((37.725616117979214 -122.18241859244739, 37.727298401065866 -122.18134232814457, 37.72880737263209 -122.18259984215801, 37.72863403776304 -122.18493362019284, 37.72695175419462 -122.1860098156674, 37.72544280597672 -122.18475230193803))"
42,89283098223ffff,2.320320431,6.236475037999999,0.22994419929999999,2,"POLYGON((37.7423129321495 -122.15172090739595, 37.74399493823179 -122.15064376420929, 37.74550411986882 -122.15190128028696, 37.74533127208775 -122.1542359393684, 37.74364926547861 -122.15531301376538, 37.74214010717709 -122.15405549787323))"
43,89283098227ffff,2.422084738,7.372702843,0.25007421550000003,2,"POLYGON((37.74364926547861 -122.15531301376538, 37.74533127208775 -122.1542359393684, 37.746840377268164 -122.15549349499145, 37.74666745250427 -122.157828124817, 37.74498544537386 -122.1589051304154, 37.74347636352831 -122.15764757498941))"
44,8928309822bffff,4.126705683500001,7.1081328605000005,0.3954051263,2,"POLYGON((37.74416770902932 -122.14830907589041, 37.74584968426581 -122.14723183504101, 37.74735888923691 -122.14848935129328, 37.747186095637154 -122.15082410822299, 37.74550411986882 -122.15190128028696, 37.74399493823179 -122.15064376420929))"
45,8928309822fffff,0.5925926207,5.666558066,0.2782350257,2,"POLYGON((37.74550411986882 -122.15190128028696, 37.747186095637154 -122.15082410822299, 37.74869522415101 -122.15208166403217, 37.748522353562784 -122.15441639172182, 37.746840377268164 -122.15549349499145, 37.74533127208775 -122.1542359393684))"
46,89283098237ffff,4.591747208,7.809666673,0.24604580210000002,2,"POLYGON((37.740458070262484 -122.15513254339899, 37.74214010717709 -122.15405549787323, 37.74364926547861 -122.15531301376538, 37.74347636352831 -122.15764757498941, 37.74179432609188 -122.15872455172115, 37.740285191127285 -122.1574670360255))"
47,89283098303ffff,2.696969772,6.747749858500001,0.18959305365,2,"POLYGON((37.745802172998175 -122.1695006380939, 37.747484211966686 -122.1684238677974, 37.74899306441525 -122.16968154176678, 37.748819854560665 -122.17201598579256, 37.74713781509261 -122.1730926872596, 37.745628985978385 -122.17183501353296))"
48,89283098307ffff,4.800000042,8.371635325,0.287246355,2,"POLYGON((37.74713781509261 -122.1730926872596, 37.748819854560665 -122.17201598579256, 37.7503286305339 -122.17327369925705, 37.75015534370505 -122.17560811393697, 37.74847330374302 -122.1766847465657, 37.74696455110348 -122.17542703335548))"
49,8928309830bffff,2.000000095,6.393884658999999,0.11317285980000001,2,"POLYGON((37.7476573448463 -122.16608939444426, 37.74933935300255 -122.16501252646967, 37.75084822878404 -122.16627020067075, 37.75067507307606 -122.16860474261735, 37.74899306441525 -122.16968154176678, 37.747484211966686 -122.1684238677974))"
50,8928309830fffff,2.727272751,7.1824106175,0.17654953429999998,2,"POLYGON((37.74899306441525 -122.16968154176678, 37.75067507307606 -122.16860474261735, 37.75218387238157 -122.16986245632515, 37.7520106396937 -122.17219696894168, 37.7503286305339 -122.17327369925705, 37.748819854560665 -122.17201598579256))"
51,89283098313ffff,8.944444151,9.689298952,0.3705434041,2,"POLYGON((37.74261119814694 -122.1693197453056, 37.74429326741411 -122.16824300386052, 37.745802172998175 -122.1695006380939, 37.745628985978385 -122.17183501353296, 37.74394691621111 -122.17291168615317, 37.742438033963445 -122.17165405216187))"
52,89283098317ffff,4.423835094999999,7.862060061000001,0.36068258035,2,"POLYGON((37.74394691621111 -122.17291168615317, 37.745628985978385 -122.17183501353296, 37.74713781509261 -122.1730926872596, 37.74696455110348 -122.17542703335548, 37.745282480841674 -122.17650363714193, 37.743773675063224 -122.17524596366894))"
53,8928309831bffff,3.4577922709999998,7.0603105215,0.23420787755,2,"POLYGON((37.74446637746386 -122.1659085990968, 37.74614841592724 -122.1648317599797, 37.7476573448463 -122.16608939444426, 37.747484211966686 -122.1684238677974, 37.745802172998175 -122.1695006380939, 37.74429326741411 -122.16824300386052))"
54,89283098323ffff,5.4040073865,8.4449999135,0.29329692905,2,"POLYGON((37.75166404319811 -122.17686586688691, 37.75334605285134 -122.17578920541446, 37.75485469919035 -122.17704699810662, 37.75468131254488 -122.17938145200749, 37.752999302403815 -122.18045804462821, 37.75149067939577 -122.17920025220245))"
55,89283098327ffff,2.736842235,6.90899992,0.2575635882,2,"POLYGON((37.752999302403815 -122.18045804462821, 37.75468131254488 -122.17938145200749, 37.756189882393414 -122.1806392841773, 37.75601641877025 -122.18297370869254, 37.754334408146896 -122.18405023245266, 37.75282586162871 -122.18279240056077))"
56,8928309832bffff,2.666666793,7.230930206,0.2018618396,2,"POLYGON((37.753519362518375 -122.17345472214649, 37.75520134136083 -122.1723779629813, 37.75671001102942 -122.17363575592891, 37.75653667852569 -122.17597030778889, 37.75485469919035 -122.17704699810662, 37.75334605285134 -122.17578920541446))"
57,8928309832fffff,5.628682356,9.9501358065,0.27854875465,2,"POLYGON((37.75485469919035 -122.17704699810662, 37.75653667852569 -122.17597030778889, 37.75804527170311 -122.17722814022575, 37.75787186221602 -122.17956266271592, 37.756189882393414 -122.1806392841773, 37.75468131254488 -122.17938145200749))"
58,89283098333ffff,2.728049508,4.6080937875,0.21600867375,2,"POLYGON((37.74847330374302 -122.1766847465657, 37.75015534370505 -122.17560811393697, 37.75166404319811 -122.17686586688691, 37.75149067939577 -122.17920025220245, 37.74980863894532 -122.180276815984, 37.74829996278531 -122.17901906329985))"
59,89283098337ffff,3.428571458,6.360789075,0.3287790719,2,"POLYGON((37.74980863894532 -122.180276815984, 37.75149067939577 -122.17920025220245, 37.752999302403815 -122.18045804462821, 37.75282586162871 -122.18279240056077, 37.75114382069539 -122.18386889548633, 37.749635221019766 -122.1826111033379))"
60,8928309833bffff,4.235880435,8.910372035,0.21979724109999998,2,"POLYGON((37.7503286305339 -122.17327369925705, 37.7520106396937 -122.17219696894168, 37.753519362518375 -122.17345472214649, 37.75334605285134 -122.17578920541446, 37.75166404319811 -122.17686586688691, 37.75015534370505 -122.17560811393697))"
61,89283098343ffff,6.26865691,8.738417042,0.27183495879999997,2,"POLYGON((37.74817648122321 -122.15908571997574, 37.749858458038545 -122.15800868550924, 37.751367433623344 -122.1592663204032, 37.75119440906035 -122.16160098955707, 37.74951243172988 -122.16267795521158, 37.748003479477255 -122.16142032052682))"
62,89283098347ffff,4.1363637639999995,8.542314167,0.2165974098,2,"POLYGON((37.74951243172988 -122.16267795521158, 37.75119440906035 -122.16160098955707, 37.752703308173345 -122.162858663979, 37.75253020662407 -122.16519330383721, 37.75084822878404 -122.16627020067075, 37.74933935300255 -122.16501252646967))"
63,8928309834bffff,2.843283607,7.9381087355,0.27028170845,2,"POLYGON((37.75003140561452 -122.15567398707819, 37.75171335158554 -122.15459685493431, 37.75322235050104 -122.15585449002658, 37.75304938011452 -122.15818925706708, 37.751367433623344 -122.1592663204032, 37.749858458038545 -122.15800868550924))"
64,8928309834fffff,2.909091047,6.0251976225,0.355377449,2,"POLYGON((37.751367433623344 -122.1592663204032, 37.75304938011452 -122.15818925706708, 37.7545583025576 -122.1594469316988, 37.754385255179116 -122.16178166945946, 37.752703308173345 -122.162858663979, 37.75119440906035 -122.16160098955707))"
65,89283098353ffff,2.797829117,7.159918356,0.2344928427,2,"POLYGON((37.74498544537386 -122.1589051304154, 37.74666745250427 -122.157828124817, 37.74817648122321 -122.15908571997574, 37.748003479477255 -122.16142032052682, 37.74632147183112 -122.16249725731772, 37.7448124664464 -122.16123966236763))"
66,89283098357ffff,3.3793104489999997,7.732515581,0.25396534940000004,2,"POLYGON((37.74632147183112 -122.16249725731772, 37.748003479477255 -122.16142032052682, 37.74951243172988 -122.16267795521158, 37.74933935300255 -122.16501252646967, 37.7476573448463 -122.16608939444426, 37.74614841592724 -122.1648317599797))"
67,8928309835bffff,1.714285796,6.329783982,0.22389908239999998,2,"POLYGON((37.746840377268164 -122.15549349499145, 37.748522353562784 -122.15441639172182, 37.75003140561452 -122.15567398707819, 37.749858458038545 -122.15800868550924, 37.74817648122321 -122.15908571997574, 37.74666745250427 -122.157828124817))"
68,89283098363ffff,3.1296102645,8.3382449355,0.25471862484999996,2,"POLYGON((37.75403902926044 -122.1664510177773, 37.755720976775194 -122.16537409208328, 37.75722974625889 -122.16663184576493, 37.75705654489871 -122.16896652491035, 37.75537459688049 -122.17004338177004, 37.753865850725596 -122.16878562832132))"
69,89283098367ffff,1.5000000130000002,7.70301191,0.2086797709,2,"POLYGON((37.75537459688049 -122.17004338177004, 37.75705654489871 -122.16896652491035, 37.758565237895425 -122.17022431810244, 37.75839195954549 -122.17255896791238, 37.75671001102942 -122.17363575592891, 37.75520134136083 -122.1723779629813))"
70,8928309836bffff,1.9282003749999999,5.889932239,0.34788263340000003,2,"POLYGON((37.7558941011449 -122.16303938362097, 37.757576017816895 -122.1619623602349, 37.75908481062795 -122.16322011413853, 37.75891166343932 -122.16555489120888, 37.75722974625889 -122.16663184576493, 37.755720976775194 -122.16537409208328))"
71,8928309836fffff,2.909091047,8.012799835,0.303293502,2,"POLYGON((37.75722974625889 -122.16663184576493, 37.75891166343932 -122.16555489120888, 37.760420379762756 -122.16681268463454, 37.76024715557874 -122.16914743238532, 37.758565237895425 -122.17022431810244, 37.75705654489871 -122.16896652491035))"
72,89283098373ffff,2.82792213,8.217264199999999,0.20981814040000002,2,"POLYGON((37.75084822878404 -122.16627020067075, 37.75253020662407 -122.16519330383721, 37.75403902926044 -122.1664510177773, 37.753865850725596 -122.16878562832132, 37.75218387238157 -122.16986245632515, 37.75067507307606 -122.16860474261735))"
73,89283098377ffff,1.615384692,7.511305533,0.178303729,2,"POLYGON((37.75218387238157 -122.16986245632515, 37.753865850725596 -122.16878562832132, 37.75537459688049 -122.17004338177004, 37.75520134136083 -122.1723779629813, 37.753519362518375 -122.17345472214649, 37.7520106396937 -122.17219696894168))"
74,8928309837bffff,3.923076975,6.387972767000001,0.21901230649999998,2,"POLYGON((37.752703308173345 -122.162858663979, 37.754385255179116 -122.16178166945946, 37.7558941011449 -122.16303938362097, 37.755720976775194 -122.16537409208328, 37.75403902926044 -122.1664510177773, 37.75253020662407 -122.16519330383721))"
75,89283098383ffff,4.614637134500001,6.5523539775,0.4059106925,2,"POLYGON((37.73756486819399 -122.17254971660942, 37.73924699853248 -122.17147310167836, 37.740755933906016 -122.17273069593678, 37.74058271560089 -122.17506490487644, 37.73890058476672 -122.17614145098294, 37.73739167273307 -122.17488385697698))"
76,89283098387ffff,6.719999711,10.39126037,0.42543780439999995,2,"POLYGON((37.73890058476672 -122.17614145098294, 37.74058271560089 -122.17506490487644, 37.7420915745107 -122.17632253861467, 37.74191827924679 -122.17865671819804, 37.74023614792254 -122.17973319547109, 37.73872731235198 -122.17847556199685))"
77,8928309838bffff,2.68421055,5.870050445,0.3327094355,2,"POLYGON((37.73942013987817 -122.16913886340089, 37.74110223943491 -122.16806215080567, 37.74261119814694 -122.1693197453056, 37.742438033963445 -122.17165405216187, 37.740755933906016 -122.17273069593678, 37.73924699853248 -122.17147310167836))"
78,8928309838fffff,4.00000019,7.101010208,0.36400045670000003,2,"POLYGON((37.740755933906016 -122.17273069593678, 37.742438033963445 -122.17165405216187, 37.74394691621111 -122.17291168615317, 37.743773675063224 -122.17524596366894, 37.7420915745107 -122.17632253861467, 37.74058271560089 -122.17506490487644))"
79,89283098393ffff,6.701052834,9.63497767,0.39486820045000004,2,"POLYGON((37.73437371909159 -122.17236874817016, 37.73605587970212 -122.1712921620814, 37.73756486819399 -122.17254971660942, 37.73739167273307 -122.17488385697698, 37.73570951162633 -122.17596037424573, 37.73420054647643 -122.17470281996955))"
80,89283098397ffff,4.00000019,6.982595738,0.3945783401,2,"POLYGON((37.73570951162633 -122.17596037424573, 37.73739167273307 -122.17488385697698, 37.73890058476672 -122.17614145098294, 37.73872731235198 -122.17847556199685, 37.73704515075457 -122.17955201043674, 37.73553626206226 -122.17829441669423))"
81,8928309839bffff,4.0663508625,6.1603355995,0.3936422543,2,"POLYGON((37.736228998208496 -122.16895799237875, 37.73791112804573 -122.16788130863195, 37.73942013987817 -122.16913886340089, 37.73924699853248 -122.17147310167836, 37.73756486819399 -122.17254971660942, 37.73605587970212 -122.1712921620814))"
82,892830983a3ffff,4.00000019,8.02943659,0.31251291005,2,"POLYGON((37.74342706168807 -122.17991439140641, 37.74510916273012 -122.17883788529872, 37.74661789203453 -122.18009559824371, 37.74644449696004 -122.18242981702298, 37.744762395434016 -122.18350625428381, 37.74325368946615 -122.18224854161494))"
83,892830983a7ffff,4.628608306,10.03726445,0.3722762139,2,"POLYGON((37.744762395434016 -122.18350625428381, 37.74644449696004 -122.18242981702298, 37.74795314978557 -122.18368756943036, 37.7477796777489 -122.18602175881354, 37.74609757574451 -122.18709812721866, 37.744588946254865 -122.18584037509898))"
84,892830983abffff,3.3438356215,5.9357829445,0.2695464226,2,"POLYGON((37.745282480841674 -122.17650363714193, 37.74696455110348 -122.17542703335548, 37.74847330374302 -122.1766847465657, 37.74829996278531 -122.17901906329985, 37.74661789203453 -122.18009559824371, 37.74510916273012 -122.17883788529872))"
85,892830983afffff,3.200000152,4.6599810155,0.24726728794999997,2,"POLYGON((37.74661789203453 -122.18009559824371, 37.74829996278531 -122.17901906329985, 37.74980863894532 -122.180276815984, 37.749635221019766 -122.1826111033379, 37.74795314978557 -122.18368756943036, 37.74644449696004 -122.18242981702298))"
86,892830983b3ffff,3.057569375,6.988307659,0.3876765966,2,"POLYGON((37.74023614792254 -122.17973319547109, 37.74191827924679 -122.17865671819804, 37.74342706168807 -122.17991439140641, 37.74325368946615 -122.18224854161494, 37.74157155765738 -122.1833249500457, 37.74006279855472 -122.18206727711288))"
87,892830983b7ffff,9.499999695,11.63369507,0.5785499434,2,"POLYGON((37.74157155765738 -122.1833249500457, 37.74325368946615 -122.18224854161494, 37.744762395434016 -122.18350625428381, 37.744588946254865 -122.18584037509898, 37.74290681396713 -122.18691671467857, 37.74139813133722 -122.18565900229683))"
88,892830983bbffff,3.0492063805000003,6.234344501500001,0.2843133702,2,"POLYGON((37.7420915745107 -122.17632253861467, 37.743773675063224 -122.17524596366894, 37.745282480841674 -122.17650363714193, 37.74510916273012 -122.17883788529872, 37.74342706168807 -122.17991439140641, 37.74191827924679 -122.17865671819804))"
89,892830983c3ffff,2.000000095,5.7355513975,0.22877037899999997,2,"POLYGON((37.73993930173422 -122.1621358941469, 37.74162136998443 -122.16105901507859, 37.74313042849371 -122.16231657029648, 37.74295739541475 -122.16465100436632, 37.74127532665328 -122.16572781462745, 37.73976629148172 -122.16447025962854))"
90,892830983c7ffff,1.909091,6.15899992,0.2425117966,2,"POLYGON((37.74127532665328 -122.16572781462745, 37.74295739541475 -122.16465100436632, 37.74446637746386 -122.1659085990968, 37.74429326741411 -122.16824300386052, 37.74261119814694 -122.1693197453056, 37.74110223943491 -122.16806215080567))"
91,892830983cbffff,1.909091,6.849697997000001,0.1295821965,2,"POLYGON((37.74179432609188 -122.15872455172115, 37.74347636352831 -122.15764757498941, 37.74498544537386 -122.1589051304154, 37.7448124664464 -122.16123966236763, 37.74313042849371 -122.16231657029648, 37.74162136998443 -122.16105901507859))"
92,892830983cfffff,1.1974313589999999,5.764816593999999,0.18393760950000002,2,"POLYGON((37.74313042849371 -122.16231657029648, 37.7448124664464 -122.16123966236763, 37.74632147183112 -122.16249725731772, 37.74614841592724 -122.1648317599797, 37.74446637746386 -122.1659085990968, 37.74295739541475 -122.16465100436632))"
93,892830983d7ffff,5.551724309,7.473500013,0.3486557841,2,"POLYGON((37.73808419243122 -122.16554704103523, 37.73976629148172 -122.16447025962854, 37.74127532665328 -122.16572781462745, 37.74110223943491 -122.16806215080567, 37.73942013987817 -122.16913886340089, 37.73791112804573 -122.16788130863195))"
94,89283098563ffff,10.04545509,10.72138285,0.40939799130000004,2,"POLYGON((37.71871342896137 -122.18905671566301, 37.72039580366729 -122.18798067545687, 37.72190478162829 -122.1892381491687, 37.72173136152984 -122.19157166278394, 37.720048986351586 -122.19264763415791, 37.71854003174384 -122.19139016075142))"
95,89283098567ffff,11.28333356,11.49955179,0.4442814789,2,"POLYGON((37.720048986351586 -122.19264763415791, 37.72173136152984 -122.19157166278394, 37.72324026304682 -122.19282917591225, 37.723066766032694 -122.19516266010018, 37.7213843903877 -122.19623856263308, 37.71987551222328 -122.19498104982175))"
96,8928309856bffff,5.333333587,6.233333179,0.40766284939999997,2,"POLYGON((37.72056914684933 -122.18564713243282, 37.722251490866554 -122.18457099458979, 37.72376049217936 -122.18582846859609, 37.723587126122844 -122.18816208015363, 37.72190478162829 -122.1892381491687, 37.72039580366729 -122.18798067545687))"
97,8928309856fffff,7.266917434,11.836061375,0.32755896355,2,"POLYGON((37.72190478162829 -122.1892381491687, 37.723587126122844 -122.18816208015363, 37.725096050990985 -122.18941959358791, 37.724922608013145 -122.19175317573394, 37.72324026304682 -122.19282917591225, 37.72173136152984 -122.19157166278394))"
98,89283098e13ffff,12.474920765,12.598034665,0.5241422645,2,"POLYGON((37.75195800234702 -122.19446354321728, 37.75364007499797 -122.19338728373225, 37.75514844519156 -122.19464519421535, 37.754974719402036 -122.19697936386312, 37.75329264628997 -122.19805555446126, 37.75178429942824 -122.19679764430114))"
99,89283098e1bffff,6.35820901,9.281032285,0.44410076979999996,2,"POLYGON((37.7538137238226 -122.19105308463018, 37.755495765704865 -122.18997672744328, 37.757004159228906 -122.1912346382384, 37.75683048753995 -122.19356890591102, 37.75514844519156 -122.19464519421535, 37.75364007499797 -122.19338728373225))"
100,89283098e43ffff,8.00000007,9.640178838999999,0.3370116663,2,"POLYGON((37.75752491212344 -122.18423158033038, 37.759206892427784 -122.1831550277342, 37.76071533260846 -122.1844129391205, 37.76054176915689 -122.18674740281553, 37.758859788376384 -122.18782388653767, 37.757351371523335 -122.18656597544147))"
101,89283098e4bffff,2.222222328,5.750918921,0.1130006055,2,"POLYGON((37.75938037889749 -122.18082053463233, 37.76106232839262 -122.17974388432877, 37.76257079189947 -122.18100179599425, 37.76239728258474 -122.18333635768668, 37.76071533260846 -122.1844129391205, 37.759206892427784 -122.1831550277342))"
102,89283098e4fffff,11.83333358,9.667669311000001,0.3576757753,2,"POLYGON((37.76071533260846 -122.1844129391205, 37.76239728258474 -122.18333635768668, 37.76390566958531 -122.18459430882393, 37.763732083283806 -122.18692884110685, 37.76205013283193 -122.18800535366202, 37.76054176915689 -122.18674740281553))"
103,89283098e53ffff,2.66666669,7.248833457999999,0.3089938879,2,"POLYGON((37.754334408146896 -122.18405023245266, 37.75601641877025 -122.18297370869254, 37.75752491212344 -122.18423158033038, 37.757351371523335 -122.18656597544147, 37.755669360423276 -122.18764243033215, 37.75416089039975 -122.18638455898382))"
104,89283098e57ffff,4.800000228,8.657695936,0.3428267847,2,"POLYGON((37.755669360423276 -122.18764243033215, 37.757351371523335 -122.18656597544147, 37.758859788376384 -122.18782388653767, 37.75868617080009 -122.19015825222607, 37.757004159228906 -122.1912346382384, 37.755495765704865 -122.18997672744328))"
105,89283098e5bffff,2.294863685,5.948999882000001,0.1566674196,2,"POLYGON((37.756189882393414 -122.1806392841773, 37.75787186221602 -122.17956266271592, 37.75938037889749 -122.18082053463233, 37.759206892427784 -122.1831550277342, 37.75752491212344 -122.18423158033038, 37.75601641877025 -122.18297370869254))"
106,89283098e8bffff,14.52991433,14.76965073,0.728818655,2,"POLYGON((37.74876747604263 -122.19428190314795, 37.75044957898709 -122.19320567248081, 37.75195800234702 -122.19446354321728, 37.75178429942824 -122.19679764430114, 37.7501021960221 -122.197873806086, 37.74859379599611 -122.19661593567191))"
107,89283098e9bffff,10.69841306,12.479150815,0.5856310170500001,2,"POLYGON((37.745576866294996 -122.19410027400644, 37.74725899952392 -122.19302407215567, 37.74876747604263 -122.19428190314795, 37.74859379599611 -122.19661593567191, 37.74691166230495 -122.19769206864507, 37.745403209122244 -122.1964342379745))"
108,89283098ec3ffff,6.5600003120000006,10.3538785,0.4717497479,2,"POLYGON((37.749288254090736 -122.1872795506736, 37.75097032580275 -122.18620315344147, 37.7524788489892 -122.18746098504445, 37.75230527713017 -122.18979521358233, 37.7506232049459 -122.1908715419453, 37.74911470509262 -122.1896137106422))"
109,89283098ec7ffff,5.473684471,10.05641057,0.4327086187,2,"POLYGON((37.7506232049459 -122.1908715419453, 37.75230527713017 -122.18979521358233, 37.7538137238226 -122.19105308463018, 37.75364007499797 -122.19338728373225, 37.75195800234702 -122.19446354321728, 37.75044957898709 -122.19320567248081))"
110,89283098ecbffff,3.428571458,7.232500076,0.3588811023,2,"POLYGON((37.75114382069539 -122.18386889548633, 37.75282586162871 -122.18279240056077, 37.754334408146896 -122.18405023245266, 37.75416089039975 -122.18638455898382, 37.7524788489892 -122.18746098504445, 37.75097032580275 -122.18620315344147))"
111,89283098ecfffff,3.022727299,7.5112707095,0.3421801496,2,"POLYGON((37.7524788489892 -122.18746098504445, 37.75416089039975 -122.18638455898382, 37.755669360423276 -122.18764243033215, 37.755495765704865 -122.18997672744328, 37.7538137238226 -122.19105308463018, 37.75230527713017 -122.18979521358233))"
112,89283098ed3ffff,12.94736853,13.25168934,0.5984657473,2,"POLYGON((37.74609757574451 -122.18709812721866, 37.7477796777489 -122.18602175881354, 37.749288254090736 -122.1872795506736, 37.74911470509262 -122.1896137106422, 37.7474326026154 -122.19069001018276, 37.74592404960882 -122.18943221862195))"
113,89283098ed7ffff,16.09523843,16.4659533,0.7441946268,2,"POLYGON((37.7474326026154 -122.19069001018276, 37.74911470509262 -122.1896137106422, 37.7506232049459 -122.1908715419453, 37.75044957898709 -122.19320567248081, 37.74876747604263 -122.19428190314795, 37.74725899952392 -122.19302407215567))"
114,89283098edbffff,4.571428789,9.105519481,0.3063672986,2,"POLYGON((37.74795314978557 -122.18368756943036, 37.749635221019766 -122.1826111033379, 37.75114382069539 -122.18386889548633, 37.75097032580275 -122.18620315344147, 37.749288254090736 -122.1872795506736, 37.7477796777489 -122.18602175881354))"
115,89283099897ffff,28.808333740000002,23.559138495,0.70431810975,2,"POLYGON((37.77103061649047 -122.15334465424799, 37.77271234942094 -122.15226725111157, 37.774221052677426 -122.15352512486191, 37.77404799968624 -122.15586040156039, 37.77236626623396 -122.15693773586585, 37.770857586294376 -122.15567986230644))"
116,89283099c03ffff,21.47712461,18.68439466,0.7711901256,2,"POLYGON((37.75878659078384 -122.14561782556079, 37.760468413782775 -122.14454037148008, 37.761977429531925 -122.14579804684146, 37.76180459895747 -122.14813317612025, 37.76012277542392 -122.1492105614015, 37.75861378299916 -122.14795288620607))"
117,89283099c07ffff,2.400000021,8.60416929,0.3923122834,2,"POLYGON((37.76012277542392 -122.1492105614015, 37.76180459895747 -122.14813317612025, 37.76331353822677 -122.14939089105765, 37.76314063063849 -122.15172599110146, 37.7614588065759 -122.15280330757442, 37.759949890630345 -122.15154559281451))"
118,89283099c13ffff,34.150253205,19.61309369,1.1094126325,2,"POLYGON((37.75559566852763 -122.14543761512623, 37.75727752188472 -122.14436018993949, 37.75878659078384 -122.14561782556079, 37.75861378299916 -122.14795288620607, 37.756931929106905 -122.14903024259797, 37.755422883534216 -122.14777260714207))"
119,89283099c17ffff,2.1186694155000003,8.4301166215,0.260949778,2,"POLYGON((37.756931929106905 -122.14903024259797, 37.75861378299916 -122.14795288620607, 37.76012277542392 -122.1492105614015, 37.759949890630345 -122.15154559281451, 37.75826803620847 -122.15262288040267, 37.756759067109506 -122.15136520538418))"
120,89283099c23ffff,3.218421143,9.700556369,0.5000754352000001,2,"POLYGON((37.76464949342311 -122.15298374560521, 37.766331287117396 -122.15190640024596, 37.76784009673349 -122.15316419449611, 37.767667089334 -122.15549933391846, 37.765985295116806 -122.15657661045594, 37.76447650882173 -122.1553188163955))"
121,89283099c27ffff,1.9945055699999998,5.927343713,0.1580801768,2,"POLYGON((37.765985295116806 -122.15657661045594, 37.767667089334 -122.15549933391846, 37.769175822455104 -122.15675716772716, 37.76900273803832 -122.1590922778748, 37.76732094330375 -122.16016948558169, 37.765812233503055 -122.1589116519742))"
122,89283099c2fffff,5.694444317,13.53891999,0.4731100193,2,"POLYGON((37.76784009673349 -122.15316419449611, 37.7695218600504 -122.15208682024901, 37.77103061649047 -122.15334465424799, 37.770857586294376 -122.15567986230644, 37.769175822455104 -122.15675716772716, 37.767667089334 -122.15549933391846))"
123,89283099c33ffff,2.379310366,8.649023528999999,0.34580644969999996,2,"POLYGON((37.7614588065759 -122.15280330757442, 37.76314063063849 -122.15172599110146, 37.76464949342311 -122.15298374560521, 37.76447650882173 -122.1553188163955, 37.76279468423564 -122.15639606405128, 37.76128584477412 -122.15513830973661))"
124,89283099c37ffff,1.600000076,6.711265781,0.2032987937,2,"POLYGON((37.76279468423564 -122.15639606405128, 37.76447650882173 -122.1553188163955, 37.765985295116806 -122.15657661045594, 37.765812233503055 -122.1589116519742, 37.76413040839906 -122.15998883080391, 37.76262164542643 -122.15873103694412))"
125,89283099c3bffff,30.47128374,20.50556326,0.7213569022,2,"POLYGON((37.76331353822677 -122.14939089105765, 37.764995331392555 -122.1483134768855, 37.766504217498856 -122.14957123156736, 37.766331287117396 -122.15190640024596, 37.76464949342311 -122.15298374560521, 37.76314063063849 -122.15172599110146))"
126,89283099c83ffff,38.057587940000005,23.436238845,0.7151700325999999,2,"POLYGON((37.750549985996784 -122.14866963754483, 37.752231900579275 -122.1475923389272, 37.75374099929231 -122.14884993464608, 37.75356816009263 -122.15118482880948, 37.75188624497941 -122.15226205863253, 37.75037716959631 -122.15100446308938))"
127,89283099c87ffff,5.88235281,9.509351085999999,0.236876626,2,"POLYGON((37.75188624497941 -122.15226205863253, 37.75356816009263 -122.15118482880948, 37.75507718233744 -122.15244246408902, 37.75490426613942 -122.15477732900699, 37.75322235050104 -122.15585449002658, 37.75171335158554 -122.15459685493431))"
128,89283099c8fffff,21.74999937,15.81330188,0.6550418508,2,"POLYGON((37.75374099929231 -122.14884993464608, 37.755422883534216 -122.14777260714207, 37.756931929106905 -122.14903024259797, 37.756759067109506 -122.15136520538418, 37.75507718233744 -122.15244246408902, 37.75356816009263 -122.15118482880948))"
129,89283099c93ffff,26.03947386,20.46342904,0.6538116188,2,"POLYGON((37.74735888923691 -122.14848935129328, 37.74904083415092 -122.14741208156052, 37.750549985996784 -122.14866963754483, 37.75037716959631 -122.15100446308938, 37.74869522415101 -122.15208166403217, 37.747186095637154 -122.15082410822299))"
130,89283099c97ffff,1.9740770775,7.3800000525,0.2900844541,2,"POLYGON((37.74869522415101 -122.15208166403217, 37.75037716959631 -122.15100446308938, 37.75188624497941 -122.15226205863253, 37.75171335158554 -122.15459685493431, 37.75003140561452 -122.15567398707819, 37.748522353562784 -122.15441639172182))"
131,89283099ca3ffff,0.8068627834,5.097627897000001,0.274896209,2,"POLYGON((37.75641321191115 -122.15603500383756, 37.75809509720783 -122.15495781394073, 37.759603989828236 -122.15621552851213, 37.75943097382507 -122.15855043278356, 37.75774908800936 -122.15962755386346, 37.75624021871555 -122.15836983949153))"
132,89283099ca7ffff,1.2833333945,5.9732375385,0.29203211524999995,2,"POLYGON((37.75774908800936 -122.15962755386346, 37.75943097382507 -122.15855043278356, 37.76093978996205 -122.15980818689816, 37.7607666969571 -122.16214306188434, 37.75908481062795 -122.16322011413853, 37.757576017816895 -122.1619623602349))"
133,89283099cabffff,2.0000000559999997,8.30390621,0.2662181727,2,"POLYGON((37.75826803620847 -122.15262288040267, 37.759949890630345 -122.15154559281451, 37.7614588065759 -122.15280330757442, 37.76128584477412 -122.15513830973661, 37.759603989828236 -122.15621552851213, 37.75809509720783 -122.15495781394073))"
134,89283099cafffff,2.168674718,9.010077749,0.3035066265,2,"POLYGON((37.759603989828236 -122.15621552851213, 37.76128584477412 -122.15513830973661, 37.76279468423564 -122.15639606405128, 37.76262164542643 -122.15873103694412, 37.76093978996205 -122.15980818689816, 37.75943097382507 -122.15855043278356))"
135,89283099cb3ffff,1.21212127,5.638255851,0.22220365539999998,2,"POLYGON((37.75322235050104 -122.15585449002658, 37.75490426613942 -122.15477732900699, 37.75641321191115 -122.15603500383756, 37.75624021871555 -122.15836983949153, 37.7545583025576 -122.1594469316988, 37.75304938011452 -122.15818925706708))"
136,89283099cb7ffff,2.4666667369999997,7.034079646,0.2585621044,2,"POLYGON((37.7545583025576 -122.1594469316988, 37.75624021871555 -122.15836983949153, 37.75774908800936 -122.15962755386346, 37.757576017816895 -122.1619623602349, 37.7558941011449 -122.16303938362097, 37.754385255179116 -122.16178166945946))"
137,89283099cbbffff,1.818181834,6.883604471,0.2774633036,2,"POLYGON((37.75507718233744 -122.15244246408902, 37.756759067109506 -122.15136520538418, 37.75826803620847 -122.15262288040267, 37.75809509720783 -122.15495781394073, 37.75641321191115 -122.15603500383756, 37.75490426613942 -122.15477732900699))"
138,89283099d03ffff,10.047169533000002,9.0923626975,0.36861554739999997,2,"POLYGON((37.76813665987021 -122.17076719243431, 37.76981848649453 -122.16969022013598, 37.77132696678312 -122.17094817232646, 37.7711535971272 -122.17328309657105, 37.769471770007236 -122.17436000000791, 37.76796331303852 -122.1731020480643))"
139,89283099d0bffff,2.264151051,6.314062513,0.2725083928,2,"POLYGON((37.76999177914101 -122.16735526654514, 37.771673574893576 -122.16627819652615, 37.77318207850063 -122.16753614895254, 37.77300876303635 -122.1698711711647, 37.77132696678312 -122.17094817232646, 37.76981848649453 -122.16969022013598))"
140,89283099d13ffff,2.451531763,8.3969470575,0.33796420915000003,2,"POLYGON((37.76494626940689 -122.17058622343357, 37.766628126393265 -122.16950927999716, 37.76813665987021 -122.17076719243431, 37.76796331303852 -122.1731020480643, 37.76628145555595 -122.17417892264379, 37.76477294540095 -122.17292101045291))"
141,89283099d17ffff,10.10714272,9.999215742999999,0.39175137039999997,2,"POLYGON((37.76628145555595 -122.17417892264379, 37.76796331303852 -122.1731020480643, 37.769471770007236 -122.17436000000791, 37.76929834617179 -122.17669482627583, 37.76761648819857 -122.17777163198954, 37.76610805455116 -122.17651368030377))"
142,89283099d1bffff,2.01520578,6.127684867999999,0.2060954893,2,"POLYGON((37.76680139622043 -122.16717439502365, 37.768483222343555 -122.16609735387264, 37.76999177914101 -122.16735526654514, 37.76981848649453 -122.16969022013598, 37.76813665987021 -122.17076719243431, 37.766628126393265 -122.16950927999716))"
143,89283099d43ffff,1.353022026,6.0515624005,0.15382902440000001,2,"POLYGON((37.77051139465956 -122.16035015123244, 37.77219315901565 -122.15927291464688, 37.773701762449875 -122.16053082775717, 37.77352857821007 -122.16286597724219, 37.77184681334277 -122.1639431449836, 37.77033823322621 -122.16268523208677))"
144,89283099d47ffff,1.953488465,6.367757741,0.25846448665,2,"POLYGON((37.77184681334277 -122.1639431449836, 37.77352857821007 -122.16286597724219, 37.77503710513416 -122.1641239298935, 37.7748638438736 -122.16645905006403, 37.77318207850063 -122.16753614895254, 37.771673574893576 -122.16627819652615))"
145,89283099d4bffff,34.11290458,24.3765456,0.7428660148,2,"POLYGON((37.77236626623396 -122.15693773586585, 37.77404799968624 -122.15586040156039, 37.775556626436746 -122.15711831487307, 37.77538349641841 -122.15945356229143, 37.773701762449875 -122.16053082775717, 37.77219315901565 -122.15927291464688))"
146,89283099d4fffff,35.18919028,23.42633094,0.6495529178,2,"POLYGON((37.773701762449875 -122.16053082775717, 37.77538349641841 -122.15945356229143, 37.7768920466581 -122.1607115151568, 37.776718839613366 -122.16304673327649, 37.77503710513416 -122.1641239298935, 37.77352857821007 -122.16286597724219))"
147,89283099d53ffff,1.095238147,5.34800005,0.1802524698,2,"POLYGON((37.76732094330375 -122.16016948558169, 37.76900273803832 -122.1590922778748, 37.77051139465956 -122.16035015123244, 37.77033823322621 -122.16268523208677, 37.768656437979864 -122.16376237095415, 37.767147804678366 -122.16250449780931))"
148,89283099d57ffff,1.14821432415,5.36074996,0.19966525365,2,"POLYGON((37.768656437979864 -122.16376237095415, 37.77033823322621 -122.16268523208677, 37.77184681334277 -122.1639431449836, 37.771673574893576 -122.16627819652615, 37.76999177914101 -122.16735526654514, 37.768483222343555 -122.16609735387264))"
149,89283099d5bffff,3.0000000260000004,8.082269542,0.31531970859999997,2,"POLYGON((37.769175822455104 -122.15675716772716, 37.770857586294376 -122.15567986230644, 37.77236626623396 -122.15693773586585, 37.77219315901565 -122.15927291464688, 37.77051139465956 -122.16035015123244, 37.76900273803832 -122.1590922778748))"
150,89283099d73ffff,6.000000052000001,8.5995127485,0.32050921055000003,2,"POLYGON((37.77318207850063 -122.16753614895254, 37.7748638438736 -122.16645905006403, 37.77637229428267 -122.16771704224686, 37.776198956002105 -122.17005213308428, 37.774517190129046 -122.17112916311098, 37.77300876303635 -122.1698711711647))"
151,89283099d7bffff,13.065035139999999,10.72917135,0.35715997075000006,2,"POLYGON((37.77503710513416 -122.1641239298935, 37.776718839613366 -122.16304673327649, 37.778227313337425 -122.16430472568484, 37.778054029267 -122.16663991448733, 37.77637229428267 -122.16771704224686, 37.7748638438736 -122.16645905006403))"
152,89283099d83ffff,1.129629683,5.61499993,0.2781382992,2,"POLYGON((37.759900576050434 -122.17381680060525, 37.76158249423107 -122.17273998373595, 37.763091057564814 -122.17399785617657, 37.762917679392196 -122.17633254523257, 37.76123576071981 -122.17740929324528, 37.7597272207115 -122.17615142106128))"
153,89283099d87ffff,1.935985751,7.0017909225,0.21315735915,2,"POLYGON((37.76123576071981 -122.17740929324528, 37.762917679392196 -122.17633254523257, 37.76442616622385 -122.1775904571662, 37.76425271105802 -122.17992511684703, 37.76257079189947 -122.18100179599425, 37.76106232839262 -122.17974388432877))"
154,89283099d8bffff,2.963855562,9.30934094,0.3038791082,2,"POLYGON((37.76175579540976 -122.17040526532328, 37.763437682749135 -122.16932835074725, 37.76494626940689 -122.17058622343357, 37.76477294540095 -122.17292101045291, 37.763091057564814 -122.17399785617657, 37.76158249423107 -122.17273998373595))"
155,89283099d8fffff,4.00000019,7.753755141499999,0.27389590524999996,2,"POLYGON((37.763091057564814 -122.17399785617657, 37.76477294540095 -122.17292101045291, 37.76628145555595 -122.17417892264379, 37.76610805455116 -122.17651368030377, 37.76442616622385 -122.1775904571662, 37.762917679392196 -122.17633254523257))"
156,89283099d93ffff,2.857142993,7.986071347999999,0.1952323451,2,"POLYGON((37.75671001102942 -122.17363575592891, 37.75839195954549 -122.17255896791238, 37.759900576050434 -122.17381680060525, 37.7597272207115 -122.17615142106128, 37.75804527170311 -122.17722814022575, 37.75653667852569 -122.17597030778889))"
157,89283099d97ffff,1.6140351640000001,5.546910875,0.14598449119999998,2,"POLYGON((37.75804527170311 -122.17722814022575, 37.7597272207115 -122.17615142106128, 37.76123576071981 -122.17740929324528, 37.76106232839262 -122.17974388432877, 37.75938037889749 -122.18082053463233, 37.75787186221602 -122.17956266271592))"
158,89283099d9bffff,4.00000019,9.148784732000001,0.2786103722,2,"POLYGON((37.758565237895425 -122.17022431810244, 37.76024715557874 -122.16914743238532, 37.76175579540976 -122.17040526532328, 37.76158249423107 -122.17273998373595, 37.759900576050434 -122.17381680060525, 37.75839195954549 -122.17255896791238))"
159,89283099db3ffff,11.35456149,12.33444426,0.3702270253,2,"POLYGON((37.76257079189947 -122.18100179599425, 37.76425271105802 -122.17992511684703, 37.76576112138273 -122.181183068264, 37.765587589224474 -122.18351769855109, 37.76390566958531 -122.18459430882393, 37.76239728258474 -122.18333635768668))"
160,89283099dbbffff,10.12537335,11.13833339,0.345322475,2,"POLYGON((37.76442616622385 -122.1775904571662, 37.76610805455116 -122.17651368030377, 37.76761648819857 -122.17777163198954, 37.76744301019567 -122.18010636027162, 37.76576112138273 -122.181183068264, 37.76425271105802 -122.17992511684703))"
161,89283099dc3ffff,3.1079734489999997,9.314775802,0.34048955095,2,"POLYGON((37.76227543660584 -122.16340085553257, 37.76395729258312 -122.16232377440883, 37.765465979062014 -122.16358160780409, 37.76529278624011 -122.16591652210258, 37.76361092975548 -122.1669935343871, 37.762102266599825 -122.165735701215))"
162,89283099dc7ffff,2.460149461,9.000121632,0.31081525395,2,"POLYGON((37.76361092975548 -122.1669935343871, 37.76529278624011 -122.16591652210258, 37.76680139622043 -122.16717439502365, 37.766628126393265 -122.16950927999716, 37.76494626940689 -122.17058622343357, 37.763437682749135 -122.16932835074725))"
163,89283099dcbffff,0.9500000451,4.302500129,0.2181197984,2,"POLYGON((37.76413040839906 -122.15998883080391, 37.765812233503055 -122.1589116519742, 37.76732094330375 -122.16016948558169, 37.767147804678366 -122.16250449780931, 37.765465979062014 -122.16358160780409, 37.76395729258312 -122.16232377440883))"
164,89283099dcfffff,0.0,4.114500046,0.1706649986,2,"POLYGON((37.765465979062014 -122.16358160780409, 37.767147804678366 -122.16250449780931, 37.768656437979864 -122.16376237095415, 37.768483222343555 -122.16609735387264, 37.76680139622043 -122.16717439502365, 37.76529278624011 -122.16591652210258))"
165,89283099dd3ffff,3.103448303,9.815206922,0.368056914,2,"POLYGON((37.75908481062795 -122.16322011413853, 37.7607666969571 -122.16214306188434, 37.76227543660584 -122.16340085553257, 37.762102266599825 -122.165735701215, 37.760420379762756 -122.16681268463454, 37.75891166343932 -122.16555489120888))"
166,89283099dd7ffff,3.0555556425,9.2882783335,0.32002892645000003,2,"POLYGON((37.760420379762756 -122.16681268463454, 37.762102266599825 -122.165735701215, 37.76361092975548 -122.1669935343871, 37.763437682749135 -122.16932835074725, 37.76175579540976 -122.17040526532328, 37.76024715557874 -122.16914743238532))"
167,89283099ddbffff,2.01492543,7.0495506,0.33347176065,2,"POLYGON((37.76093978996205 -122.15980818689816, 37.76262164542643 -122.15873103694412, 37.76413040839906 -122.15998883080391, 37.76395729258312 -122.16232377440883, 37.76227543660584 -122.16340085553257, 37.7607666969571 -122.16214306188434))"
