,h3id_9,no_med,no2_med,bc_med,city,polygon,__index_level_0__
0,89283081003ffff,7.520000357000001,16.73580584,0.48225745560000005,1,"POLYGON((37.80546170106164 -122.27136954298386, 37.80714353945844 -122.27029450215277, 37.80864987554612 -122.27155355691563, 37.80847434993539 -122.2738876519417, 37.806792511198935 -122.27496262366373, 37.805286198412546 -122.27370356947141))",0
1,89283081007ffff,13.872690944999999,18.181685514999998,0.67150658285,1,"POLYGON((37.806792511198935 -122.27496262366373, 37.80847434993539 -122.2738876519417, 37.80998060937506 -122.27514674594163, 37.809805006777346 -122.27748081108408, 37.80812316770679 -122.27855571368819, 37.80661693156775 -122.27729662027042))",1
2,8928308100bffff,11.260766835,17.966784715,0.60383647055,1,"POLYGON((37.80731898808136 -122.26796037726164, 37.809000795746904 -122.26688523859083, 37.810507155134516 -122.26814429391334, 37.810331683556356 -122.27047848734968, 37.80864987554612 -122.27155355691563, 37.80714353945844 -122.27029450215277))",2
3,8928308100fffff,8.714580742999999,17.40485657,0.49347247875,1,"POLYGON((37.80864987554612 -122.27155355691563, 37.810331683556356 -122.27047848734968, 37.811837966295265 -122.27173758192082, 37.81166241772441 -122.27407174548931, 37.80998060937506 -122.27514674594163, 37.80847434993539 -122.2738876519417))",3
4,89283081013ffff,11.1538459,17.959754044999997,0.53491338175,1,"POLYGON((37.802273442858386 -122.27118554012439, 37.803955311632706 -122.27011052802669, 37.80546170106164 -122.27136954298386, 37.805286198412546 -122.27370356947141, 37.803604329298025 -122.27477851246465, 37.802097963172464 -122.27351949807745))",4
5,89283081017ffff,8.142857372,14.831073235,0.44659377985000004,1,"POLYGON((37.803604329298025 -122.27477851246465, 37.805286198412546 -122.27370356947141, 37.806792511198935 -122.27496262366373, 37.80661693156775 -122.27729662027042, 37.804935062118574 -122.27837149415038, 37.80342877263491 -122.27711244053955))",5
6,8928308101bffff,9.587386037,17.52908796,0.4758283033,1,"POLYGON((37.804130737298884 -122.26777647167681, 37.80581257535044 -122.26670136174546, 37.80731898808136 -122.26796037726164, 37.80714353945844 -122.27029450215277, 37.80546170106164 -122.27136954298386, 37.803955311632706 -122.27011052802669))",6
7,89283081023ffff,4.709091042,12.94611485,0.38230682304999997,1,"POLYGON((37.811311189564265 -122.2787399443113, 37.812992998247154 -122.2776650129815, 37.81449912767443 -122.27892418602066, 37.81432342512061 -122.28125828979795, 37.81264161610973 -122.28233315199645, 37.81113550998035 -122.2810739795516))",7
8,89283081027ffff,7.647058981,14.63303429,0.5236454717,1,"POLYGON((37.81264161610973 -122.28233315199645, 37.81432342512061 -122.28125828979795, 37.8158294778849 -122.28251750205662, 37.81565369834083 -122.28485157591052, 37.81397188900757 -122.2859263689689, 37.81246585954048 -122.28466715731612))",8
9,8928308102bffff,7.000000216,14.42550008,0.400403354,1,"POLYGON((37.81316862380989 -122.27533087929935, 37.8148504017631 -122.27425585011528, 37.81635655448687 -122.27551502373787, 37.81618090596063 -122.27784922596369, 37.81449912767443 -122.27892418602066, 37.812992998247154 -122.2776650129815))",9
10,8928308102fffff,5.0925924789999995,14.03600025,0.4458876354,1,"POLYGON((37.81449912767443 -122.27892418602066, 37.81618090596063 -122.27784922596369, 37.81768698202074 -122.27910843881732, 37.817511256498534 -122.28144261113557, 37.8158294778849 -122.28251750205662, 37.81432342512061 -122.28125828979795))",10
11,89283081033ffff,4.151078557,11.95949791,0.33324056825000004,1,"POLYGON((37.80812316770679 -122.27855571368819, 37.809805006777346 -122.27748081108408, 37.811311189564265 -122.2787399443113, 37.81113550998035 -122.2810739795516, 37.809453670581284 -122.28214881302902, 37.80794751109435 -122.28088968039549))",11
12,89283081037ffff,3.8615385685,12.723834305,0.42907078865,1,"POLYGON((37.809453670581284 -122.28214881302902, 37.81113550998035 -122.2810739795516, 37.81264161610973 -122.28233315199645, 37.81246585954048 -122.28466715731612, 37.81078401981845 -122.28574192165803, 37.80927793698836 -122.28448274981845))",12
13,8928308103bffff,6.4364907395,14.14547959,0.43234570164999997,1,"POLYGON((37.80998060937506 -122.27514674594163, 37.81166241772441 -122.27407174548931, 37.81316862380989 -122.27533087929935, 37.812992998247154 -122.2776650129815, 37.811311189564265 -122.2787399443113, 37.809805006777346 -122.27748081108408))",13
14,89283081043ffff,12.53058903,16.708072960000003,0.6083424577000001,1,"POLYGON((37.80784507189041 -122.26095774612457, 37.809526848455924 -122.25988244052036, 37.81103330778665 -122.26114145712172, 37.810857967252375 -122.26347577879278, 37.80917619033158 -122.26455101530519, 37.80766975430005 -122.26329199924095))",14
15,89283081047ffff,9.720338165000001,17.53937522,0.54777309075,1,"POLYGON((37.80917619033158 -122.26455101530519, 37.810857967252375 -122.26347577879278, 37.81236434993849 -122.26473483466403, 37.812188932405036 -122.26706912650158, 37.810507155134516 -122.26814429391334, 37.809000795746904 -122.26688523859083))",15
16,8928308104fffff,9.141552699999998,14.92666347,0.5091433797,1,"POLYGON((37.81103330778665 -122.26114145712172, 37.81271505394917 -122.26006612276589, 37.814221459932455 -122.26132517917488, 37.81404609645576 -122.26365956940457, 37.81236434993849 -122.26473483466403, 37.810857967252375 -122.26347577879278))",16
17,89283081053ffff,7.636363703,15.54173653,0.4945024929,1,"POLYGON((37.804656752260286 -122.26077404618236, 37.80633855921976 -122.25969876932831, 37.80784507189041 -122.26095774612457, 37.80766975430005 -122.26329199924095, 37.805987946984764 -122.2643672070078, 37.80448145761538 -122.26310823074805))",17
18,89283081057ffff,8.024999735,14.84620667,0.4849282483,1,"POLYGON((37.805987946984764 -122.2643672070078, 37.80766975430005 -122.26329199924095, 37.80917619033158 -122.26455101530519, 37.809000795746904 -122.26688523859083, 37.80731898808136 -122.26796037726164, 37.80581257535044 -122.26670136174546))",18
19,89283081063ffff,11.58695676,17.10059948,0.5230185687,1,"POLYGON((37.813695238441795 -122.26832822163297, 37.81537698530822 -122.26725302547874, 37.816883237986666 -122.26851216042148, 37.81670772050259 -122.27084649096015, 37.81502597329256 -122.2719216180003, 37.81351974390992 -122.27066248361851))",19
20,89283081067ffff,6.000000052000001,13.83900032,0.41951677090000006,1,"POLYGON((37.81502597329256 -122.2719216180003, 37.81670772050259 -122.27084649096015, 37.81821389652147 -122.2721056651552, 37.8180383020349 -122.27443996582056, 37.81635655448687 -122.27551502373787, 37.8148504017631 -122.27425585011528))",20
21,8928308106bffff,6.8049591725,14.585777075,0.3794973252,1,"POLYGON((37.81555242578902 -122.26491866508529, 37.817234141893714 -122.26384337107729, 37.818740417866564 -122.26510250656997, 37.818564954439985 -122.26743693552332, 37.816883237986666 -122.26851216042148, 37.81537698530822 -122.26725302547874))",21
22,8928308106fffff,9.238095178,17.948955885,0.61584392135,1,"POLYGON((37.816883237986666 -122.26851216042148, 37.818564954439985 -122.26743693552332, 37.820071153752586 -122.26869611027983, 37.81989561331785 -122.27103050937568, 37.81821389652147 -122.2721056651552, 37.81670772050259 -122.27084649096015))",22
23,89283081073ffff,11.075757809999999,16.525045825,0.49280517204999996,1,"POLYGON((37.810507155134516 -122.26814429391334, 37.812188932405036 -122.26706912650158, 37.813695238441795 -122.26832822163297, 37.81351974390992 -122.27066248361851, 37.811837966295265 -122.27173758192082, 37.810331683556356 -122.27047848734968))",23
24,89283081077ffff,15.956272049999999,19.66436171,0.5914686437000001,1,"POLYGON((37.811837966295265 -122.27173758192082, 37.81351974390992 -122.27066248361851, 37.81502597329256 -122.2719216180003, 37.8148504017631 -122.27425585011528, 37.81316862380989 -122.27533087929935, 37.81166241772441 -122.27407174548931))",24
25,8928308107bffff,8.999999613,14.94699955,0.4794486021,1,"POLYGON((37.81236434993849 -122.26473483466403, 37.81404609645576 -122.26365956940457, 37.81555242578902 -122.26491866508529, 37.81537698530822 -122.26725302547874, 37.813695238441795 -122.26832822163297, 37.812188932405036 -122.26706912650158))",25
26,89283081083ffff,25.07923216,25.02523189,0.852058367,1,"POLYGON((37.79722771438807 -122.27441032329897, 37.79890964423168 -122.2733354377588, 37.80041606368889 -122.27459441234339, 37.800240529995364 -122.2769282718905, 37.79855859981605 -122.27800308832657, 37.79705220366566 -122.27674411432224))",26
27,89283081087ffff,15.703703685,20.719971909999998,0.71319412715,1,"POLYGON((37.79855859981605 -122.27800308832657, 37.800240529995364 -122.2769282718905, 37.801746872816146 -122.27818728569682, 37.80157126215111 -122.28052111535006, 37.79988933164162 -122.2815958626732, 37.79838301212701 -122.28033684945868))",27
28,8928308108bffff,12.63611085,18.598338045,0.49457377915,1,"POLYGON((37.79908510095289 -122.27100154833632, 37.8007670000957 -122.26992656497052, 37.802273442858386 -122.27118554012439, 37.802097963172464 -122.27351949807745, 37.80041606368889 -122.27459441234339, 37.79890964423168 -122.2733354377588))",28
29,8928308108fffff,6.857142562000001,14.84751934,0.4422101001,1,"POLYGON((37.80041606368889 -122.27459441234339, 37.802097963172464 -122.27351949807745, 37.803604329298025 -122.27477851246465, 37.80342877263491 -122.27711244053955, 37.801746872816146 -122.27818728569682, 37.800240529995364 -122.2769282718905))",29
30,89283081093ffff,7.080460106,14.55200005,0.5053434074,1,"POLYGON((37.79403928141214 -122.27422624533038, 37.79572124160672 -122.2731513885145, 37.79722771438807 -122.27441032329897, 37.79705220366566 -122.27674411432224, 37.79537024313479 -122.27781890203859, 37.793863793662354 -122.2765599678338))",30
31,89283081097ffff,6.093749863999999,12.70729469,0.4084989858,1,"POLYGON((37.79537024313479 -122.27781890203859, 37.79705220366566 -122.27674411432224, 37.79855859981605 -122.27800308832657, 37.79838301212701 -122.28033684945868, 37.79670105126543 -122.28141156806676, 37.7951946784233 -122.28015259465361))",31
32,8928308109bffff,23.39668777,24.62467741,0.8986142576,1,"POLYGON((37.79589667536172 -122.27081756761862, 37.79757860486401 -122.26974261298321, 37.79908510095289 -122.27100154833632, 37.79890964423168 -122.2733354377588, 37.79722771438807 -122.27441032329897, 37.79572124160672 -122.2731513885145))",32
33,892830810a3ffff,8.272727527999999,13.76537958,0.4885670344,1,"POLYGON((37.80307752833069 -122.2817801683684, 37.80475942847907 -122.28070539232864, 37.80626564131609 -122.28196448515337, 37.80608993070101 -122.28429835341647, 37.80440803022858 -122.28537306032993, 37.802901840694986 -122.28411396810921))",33
34,892830810a7ffff,7.000000216,13.3133657,0.5252481782,1,"POLYGON((37.80440803022858 -122.28537306032993, 37.80608993070101 -122.28429835341647, 37.80759606688661 -122.2855574854454, 37.807420279296764 -122.28789132377483, 37.80573837850586 -122.28896596155316, 37.80423226562299 -122.2877068301398))",34
35,892830810abffff,8.525575483999999,14.65450779,0.48843765079999996,1,"POLYGON((37.804935062118574 -122.27837149415038, 37.80661693156775 -122.27729662027042, 37.80812316770679 -122.27855571368819, 37.80794751109435 -122.28088968039549, 37.80626564131609 -122.28196448515337, 37.80475942847907 -122.28070539232864))",35
36,892830810afffff,4.9999998880000005,12.08646112,0.396741158,1,"POLYGON((37.80626564131609 -122.28196448515337, 37.80794751109435 -122.28088968039549, 37.809453670581284 -122.28214881302902, 37.80927793698836 -122.28448274981845, 37.80759606688661 -122.2855574854454, 37.80608993070101 -122.28429835341647))",36
37,892830810b3ffff,18.96774168,22.04494866,0.79540149,1,"POLYGON((37.79988933164162 -122.2815958626732, 37.80157126215111 -122.28052111535006, 37.80307752833069 -122.2817801683684, 37.802901840694986 -122.28411396810921, 37.801219909860876 -122.28518864631067, 37.7997136669868 -122.28392959389566))",37
38,892830810b7ffff,27.10290607,24.30546318,0.9014016690000001,1,"POLYGON((37.801219909860876 -122.28518864631067, 37.802901840694986 -122.28411396810921, 37.80440803022858 -122.28537306032993, 37.80423226562299 -122.2877068301398, 37.802550334469885 -122.28878143921072, 37.80104416824107 -122.28752234760493))",38
39,892830810bbffff,11.842105,17.63070056,0.6187976971,1,"POLYGON((37.801746872816146 -122.27818728569682, 37.80342877263491 -122.27711244053955, 37.804935062118574 -122.27837149415038, 37.80475942847907 -122.28070539232864, 37.80307752833069 -122.2817801683684, 37.80157126215111 -122.28052111535006))",39
40,892830810c3ffff,7.3607598124999996,14.67766239,0.4274354523,1,"POLYGON((37.79961120913769 -122.26399962359328, 37.801293077214865 -122.26292447331312, 37.80279961991462 -122.26418340977084, 37.802624271232155 -122.26651749596452, 37.800942402803614 -122.2675925771579, 37.79943588340859 -122.266333641247))",40
41,892830810c7ffff,9.608127957,15.586747729999999,0.43968854334999996,1,"POLYGON((37.800942402803614 -122.2675925771579, 37.802624271232155 -122.26651749596452, 37.804130737298884 -122.26777647167681, 37.803955311632706 -122.27011052802669, 37.802273442858386 -122.27118554012439, 37.8007670000957 -122.26992656497052))",41
42,892830810cbffff,8.873239514,16.47427985,0.4917609865,1,"POLYGON((37.80146834891283 -122.26059035729409, 37.80315018625719 -122.25951510918874, 37.804656752260286 -122.26077404618236, 37.80448145761538 -122.26310823074805, 37.80279961991462 -122.26418340977084, 37.801293077214865 -122.26292447331312))",42
43,892830810cfffff,5.9627100265,14.301848135,0.40338829745000004,1,"POLYGON((37.80279961991462 -122.26418340977084, 37.80448145761538 -122.26310823074805, 37.805987946984764 -122.2643672070078, 37.80581257535044 -122.26670136174546, 37.804130737298884 -122.26777647167681, 37.802624271232155 -122.26651749596452))",43
44,892830810d3ffff,9.323624584000001,15.943253465000002,0.4570633411,1,"POLYGON((37.79642271467051 -122.26381584847421, 37.79810461311509 -122.2627407269351, 37.79961120913769 -122.26399962359328, 37.79943588340859 -122.266333641247, 37.7977539846121 -122.26740869370387, 37.79624741189632 -122.2661497975919))",44
45,892830810d7ffff,10.80935526,15.72370915,0.47771049315,1,"POLYGON((37.7977539846121 -122.26740869370387, 37.79943588340859 -122.266333641247, 37.800942402803614 -122.2675925771579, 37.8007670000957 -122.26992656497052, 37.79908510095289 -122.27100154833632, 37.79757860486401 -122.26974261298321))",45
46,892830810dbffff,8.110389559,14.08007395,0.3672852035,1,"POLYGON((37.79827986186457 -122.26040667945884, 37.79996172958483 -122.25933146010064, 37.80146834891283 -122.26059035729409, 37.801293077214865 -122.26292447331312, 37.79961120913769 -122.26399962359328, 37.79810461311509 -122.2627407269351))",46
47,89283081103ffff,14.7149122,21.559846059999998,0.94710852745,1,"POLYGON((37.81477414566658 -122.29652130299168, 37.816455986324 -122.2954467461092, 37.8179617857757 -122.29670607532746, 37.81778572127313 -122.29903996077934, 37.81610388031506 -122.30011444849106, 37.81459810415992 -122.29885511992427))",47
48,8928308110bffff,14.802925305,18.260975395,0.7987007123500001,1,"POLYGON((37.81663197384448 -122.29311283066262, 37.81831378380582 -122.29203817591092, 37.81981960655267 -122.29329750576979, 37.81964359604273 -122.29563148974235, 37.8179617857757 -122.29670607532746, 37.816455986324 -122.2954467461092))",48
49,8928308110fffff,11.914135075,16.519544234999998,0.7608276103,1,"POLYGON((37.8179617857757 -122.29670607532746, 37.81964359604273 -122.29563148974235, 37.821149342107596 -122.29689085878181, 37.82097325461067 -122.29922481275689, 37.81929144404352 -122.30029932916666, 37.81778572127313 -122.29903996077934))",49
50,89283081113ffff,6.116720383500001,12.923924965,0.43193355224999996,1,"POLYGON((37.8115864217968 -122.29633654177348, 37.81326829283558 -122.29526201359216, 37.81477414566658 -122.29652130299168, 37.81459810415992 -122.29885511992427, 37.81291623281994 -122.29992957893944, 37.81141040328753 -122.2986702901908))",50
51,89283081117ffff,26.55681894,26.651999625,1.2354245075,1,"POLYGON((37.81291623281994 -122.29992957893944, 37.81459810415992 -122.29885511992427, 37.81610388031506 -122.30011444849106, 37.815927761832015 -122.30244823541315, 37.81424589019639 -122.30352262525335, 37.81274013733917 -122.30226329734903))",51
52,8928308111bffff,5.1071430125,12.635304335,0.40792425295,1,"POLYGON((37.81344425736504 -122.2929281666676, 37.815126097716245 -122.29185354062315, 37.81663197384448 -122.29311283066262, 37.816455986324 -122.2954467461092, 37.81477414566658 -122.29652130299168, 37.81326829283558 -122.29526201359216))",52
53,89283081143ffff,8.3783439665,15.93528805,0.5599608509,1,"POLYGON((37.817159674437406 -122.28611082737893, 37.81884145337288 -122.28503600560263, 37.820347376091426 -122.2862952968892, 37.82017149657973 -122.28862940933662, 37.818489717327964 -122.28970416195942, 37.816983817903896 -122.2884448712909))",53
54,89283081147ffff,6.6496215,14.99299728,0.46072475145,1,"POLYGON((37.818489717327964 -122.28970416195942, 37.82017149657973 -122.28862940933662, 37.82167734262037 -122.2898887398251, 37.82150138611516 -122.29222282230934, 37.81981960655267 -122.29329750576979, 37.81831378380582 -122.29203817591092))",54
55,8928308114bffff,5.842307590500001,12.600465804999999,0.5672026433499999,1,"POLYGON((37.81901725589024 -122.28270186321053, 37.82069900409763 -122.28162694356544, 37.82220495010924 -122.28288623545912, 37.82202912462011 -122.28522044639342, 37.820347376091426 -122.2862952968892, 37.81884145337288 -122.28503600560263))",55
56,8928308114fffff,7.285714349,14.39824617,0.5246126502499999,1,"POLYGON((37.820347376091426 -122.2862952968892, 37.82202912462011 -122.28522044639342, 37.823534993953125 -122.2864797775006, 37.823359091464766 -122.28881395848751, 37.82167734262037 -122.2898887398251, 37.82017149657973 -122.28862940933662))",56
57,89283081153ffff,7.395097988,15.12892609,0.5346540924000001,1,"POLYGON((37.81397188900757 -122.2859263689689, 37.81565369834083 -122.28485157591052, 37.817159674437406 -122.28611082737893, 37.816983817903896 -122.2884448712909, 37.81530200825378 -122.28951959520036, 37.813796055453736 -122.28826034434938))",57
58,89283081157ffff,10.90372986,16.51021579,0.5357606975,1,"POLYGON((37.81530200825378 -122.28951959520036, 37.816983817903896 -122.2884448712909, 37.818489717327964 -122.28970416195942, 37.81831378380582 -122.29203817591092, 37.81663197384448 -122.29311283066262, 37.815126097716245 -122.29185354062315))",58
59,8928308115bffff,4.833333225,12.71494678,0.405415085,1,"POLYGON((37.8158294778849 -122.28251750205662, 37.817511256498534 -122.28144261113557, 37.81901725589024 -122.28270186321053, 37.81884145337288 -122.28503600560263, 37.817159674437406 -122.28611082737893, 37.81565369834083 -122.28485157591052))",59
60,8928308116bffff,19.24658867,19.94597398,0.9988617572,1,"POLYGON((37.82486488411443 -122.29007332879846, 37.82654660254248 -122.28899851874453, 37.82805234179367 -122.29025792888045, 37.8278763393269 -122.29259214844203, 37.82619462058924 -122.29366688932441, 37.824688904627685 -122.2924074798194))",60
61,89283081173ffff,18.39872693,20.773680974999998,0.9869209498,1,"POLYGON((37.81981960655267 -122.29329750576979, 37.82150138611516 -122.29222282230934, 37.82300715547311 -122.29348219199001, 37.8228311219752 -122.29581624449257, 37.821149342107596 -122.29689085878181, 37.81964359604273 -122.29563148974235))",61
62,8928308117bffff,7.30434789,15.47299957,0.5285506734000001,1,"POLYGON((37.82167734262037 -122.2898887398251, 37.823359091464766 -122.28881395848751, 37.82486488411443 -122.29007332879846, 37.824688904627685 -122.2924074798194, 37.82300715547311 -122.29348219199001, 37.82150138611516 -122.29222282230934))",62
63,89283081183ffff,8.9799998455,18.664800005,0.58117338875,1,"POLYGON((37.80654068659579 -122.29955987320436, 37.80822261867252 -122.29848547157783, 37.80972850157466 -122.29974472051089, 37.80955242909773 -122.30207837041189, 37.80787049672429 -122.30315270287264, 37.806364637124204 -122.30189345460079))",63
64,89283081187ffff,40.931817455,31.402429405,1.6421464085,1,"POLYGON((37.80787049672429 -122.30315270287264, 37.80955242909773 -122.30207837041189, 37.81105823533012 -122.30333765849875, 37.810882085887414 -122.30567127837624, 37.80920015322282 -122.30674554166244, 37.8076943702918 -122.30548625424834))",64
65,8928308118bffff,5.194502186999999,11.5237883,0.3900885717,1,"POLYGON((37.80839861418284 -122.29615179167183, 37.81008051559397 -122.29507729219021, 37.8115864217968 -122.29633654177348, 37.81141040328753 -122.2986702901908, 37.80972850157466 -122.29974472051089, 37.80822261867252 -122.29848547157783))",65
66,8928308118fffff,6.987804872000001,15.57867939,0.545846145,1,"POLYGON((37.80972850157466 -122.29974472051089, 37.81141040328753 -122.2986702901908, 37.81291623281994 -122.29992957893944, 37.81274013733917 -122.30226329734903, 37.81105823533012 -122.30333765849875, 37.80955242909773 -122.30207837041189))",66
67,89283081193ffff,11.162499995000001,17.397614355,0.7846155823500001,1,"POLYGON((37.803352787899854 -122.29937503701886, 37.805034750331394 -122.29830066408445, 37.80654068659579 -122.29955987320436, 37.806364637124204 -122.30189345460079, 37.80468267439537 -122.30296775837405, 37.80317676143513 -122.30170854991466))",67
68,89283081197ffff,46.99999839,31.75106916,1.7464733940000001,1,"POLYGON((37.80468267439537 -122.30296775837405, 37.806364637124204 -122.30189345460079, 37.80787049672429 -122.30315270287264, 37.8076943702918 -122.30548625424834, 37.806012407271275 -122.30656048885162, 37.80450657097465 -122.30530124125187))",68
69,8928308119bffff,5.600000266,11.839842335,0.41180900774999996,1,"POLYGON((37.805210722841274 -122.29596705268578, 37.806892654615694 -122.29489258190235, 37.80839861418284 -122.29615179167183, 37.80822261867252 -122.29848547157783, 37.80654068659579 -122.29955987320436, 37.805034750331394 -122.29830066408445))",69
70,892830811bbffff,34.7777783,26.03376014,1.43391516,1,"POLYGON((37.81105823533012 -122.30333765849875, 37.81274013733917 -122.30226329734903, 37.81424589019639 -122.30352262525335, 37.814069717744964 -122.30585631363667, 37.81238781544532 -122.30693060560719, 37.810882085887414 -122.30567127837624))",70
71,892830811c3ffff,5.32618344,11.67875366,0.4285790462,1,"POLYGON((37.8089263388262 -122.28915049499822, 37.810608209245856 -122.288075828511, 37.81211421541437 -122.28933503954696, 37.81193832786291 -122.291668916445, 37.81025645713092 -122.29274351378365, 37.80875047426238 -122.29148430337547))",71
72,892830811c7ffff,4.9999998880000005,11.358308860000001,0.40558045760000005,1,"POLYGON((37.81025645713092 -122.29274351378365, 37.81193832786291 -122.291668916445, 37.81344425736504 -122.2929281666676, 37.81326829283558 -122.29526201359216, 37.8115864217968 -122.29633654177348, 37.81008051559397 -122.29507729219021))",72
73,892830811cbffff,3.981481392,12.06014794,0.3566115887,1,"POLYGON((37.81078401981845 -122.28574192165803, 37.81246585954048 -122.28466715731612, 37.81397188900757 -122.2859263689689, 37.813796055453736 -122.28826034434938, 37.81211421541437 -122.28933503954696, 37.810608209245856 -122.288075828511))",73
74,892830811cfffff,5.392604317000001,11.55333989,0.3739416101,1,"POLYGON((37.81211421541437 -122.28933503954696, 37.813796055453736 -122.28826034434938, 37.81530200825378 -122.28951959520036, 37.815126097716245 -122.29185354062315, 37.81344425736504 -122.2929281666676, 37.81193832786291 -122.291668916445))",74
75,892830811d3ffff,4.307692512,12.013726394999999,0.39925252364999997,1,"POLYGON((37.80573837850586 -122.28896596155316, 37.807420279296764 -122.28789132377483, 37.8089263388262 -122.28915049499822, 37.80875047426238 -122.29148430337547, 37.807068573158595 -122.29255887200986, 37.80556253693121 -122.29129970141356))",75
76,892830811d7ffff,4.534310279,10.95653223,0.36955049705,1,"POLYGON((37.807068573158595 -122.29255887200986, 37.80875047426238 -122.29148430337547, 37.81025645713092 -122.29274351378365, 37.81008051559397 -122.29507729219021, 37.80839861418284 -122.29615179167183, 37.806892654615694 -122.29489258190235))",76
77,892830811dbffff,5.5677215345,12.77956958,0.4232206495,1,"POLYGON((37.80759606688661 -122.2855574854454, 37.80927793698836 -122.28448274981845, 37.81078401981845 -122.28574192165803, 37.810608209245856 -122.288075828511, 37.8089263388262 -122.28915049499822, 37.807420279296764 -122.28789132377483))",77
78,89283081217ffff,25.066222160000002,20.53959789,0.8922846421999999,1,"POLYGON((37.81660415112485 -122.25091160528129, 37.81828580493156 -122.24983597738388, 37.819792280797884 -122.2510950353405, 37.81961707956428 -122.25342972069218, 37.817935425387766 -122.25450527950589, 37.8164289728144 -122.25324622205419))",78
79,89283081233ffff,21.8703707045,19.771518855,0.8133456173000001,1,"POLYGON((37.82112347877855 -122.25468881795521, 37.82280510251706 -122.25361323037474, 37.82431144836475 -122.25487236745158, 37.82413614718341 -122.25720709159447, 37.82245452308123 -122.25828261007779, 37.820948200523745 -122.25702347351806))",79
80,89283081237ffff,38.222221864999995,23.555026225,1.2743542475,1,"POLYGON((37.82245452308123 -122.25828261007779, 37.82413614718341 -122.25720709159447, 37.82564241636884 -122.25846626796991, 37.82546703816221 -122.26080096230264, 37.823785413701884 -122.26187641168, 37.82227916780602 -122.26061723583324))",80
81,892830812a3ffff,3.891892077,11.156807215,0.34331602969999997,1,"POLYGON((37.81607848509076 -122.25791532745308, 37.81776017006103 -122.25683986649268, 37.81926654598302 -122.25809896323919, 37.81909121364078 -122.26043352042133, 37.817409528311295 -122.26150891228495, 37.815903175682976 -122.26024981606588))",81
82,892830812a7ffff,7.5171069065,12.4839628,0.36261213175,1,"POLYGON((37.817409528311295 -122.26150891228495, 37.81909121364078 -122.26043352042133, 37.82059751290661 -122.26169265645301, 37.82042210354968 -122.26402718381193, 37.818740417866564 -122.26510250656997, 37.817234141893714 -122.26384337107729))",82
83,892830812abffff,9.750000085,15.56300052,0.5265689639,1,"POLYGON((37.817935425387766 -122.25450527950589, 37.81961707956428 -122.25342972069218, 37.82112347877855 -122.25468881795521, 37.820948200523745 -122.25702347351806, 37.81926654598302 -122.25809896323919, 37.81776017006103 -122.25683986649268))",83
84,892830812afffff,8.00000038,12.86299992,0.3490784268,1,"POLYGON((37.81926654598302 -122.25809896323919, 37.820948200523745 -122.25702347351806, 37.82245452308123 -122.25828261007779, 37.82227916780602 -122.26061723583324, 37.82059751290661 -122.26169265645301, 37.81909121364078 -122.26043352042133))",84
85,892830812b3ffff,7.904279492,13.107791005,0.3997271579,1,"POLYGON((37.81289034042098 -122.25773170271843, 37.81457205581173 -122.25665627051727, 37.81607848509076 -122.25791532745308, 37.815903175682976 -122.26024981606588, 37.814221459932455 -122.26132517917488, 37.81271505394917 -122.26006612276589))",85
86,892830812b7ffff,7.982758845,12.70420798,0.4668285534,1,"POLYGON((37.814221459932455 -122.26132517917488, 37.815903175682976 -122.26024981606588, 37.817409528311295 -122.26150891228495, 37.817234141893714 -122.26384337107729, 37.81555242578902 -122.26491866508529, 37.81404609645576 -122.26365956940457))",86
87,892830812bbffff,6.9371851745,13.50853469,0.3675770143,1,"POLYGON((37.814747288208906 -122.25432175210254, 37.8164289728144 -122.25324622205419, 37.817935425387766 -122.25450527950589, 37.81776017006103 -122.25683986649268, 37.81607848509076 -122.25791532745308, 37.81457205581173 -122.25665627051727))",87
88,89283081303ffff,5.200000045,11.5451913,0.3606188761,1,"POLYGON((37.82777716343244 -122.2726578730818, 37.82945878893371 -122.27158263107533, 37.83096475142243 -122.272841964548, 37.83078906512271 -122.27517653945483, 37.82910743928561 -122.27625171232002, 37.82760150008374 -122.27499237942227))",88
89,89283081307ffff,8.006521591,16.27345395,0.4238199314,1,"POLYGON((37.82910743928561 -122.27625171232002, 37.83078906512271 -122.27517653945483, 37.83229495092536 -122.27643591217755, 37.83211918760443 -122.27877045718155, 37.830437561437044 -122.27984556089662, 37.82893169892058 -122.27858618876043))",89
90,8928308130bffff,6.496153903,14.204146765,0.37232377805,1,"POLYGON((37.82963439821134 -122.26924802628423, 37.83131599292199 -122.26817268639537, 37.83282197869617 -122.26943202043208, 37.83264634647394 -122.27176669379624, 37.83096475142243 -122.272841964548, 37.82945878893371 -122.27158263107533))",90
91,8928308130fffff,5.322580857,14.742030215,0.44667315814999997,1,"POLYGON((37.83096475142243 -122.272841964548, 37.83264634647394 -122.27176669379624, 37.83415225556136 -122.27302606709455, 37.8339765463122 -122.27536071057166, 37.83229495092536 -122.27643591217755, 37.83078906512271 -122.27517653945483))",91
92,89283081313ffff,13.964285775,17.390973305,0.5981081998,1,"POLYGON((37.82458949160793 -122.27247379269492, 37.82627114754992 -122.2713985794323, 37.82777716343244 -122.2726578730818, 37.82760150008374 -122.27499237942227, 37.825919843805366 -122.27606752354828, 37.824413851211766 -122.27480823047306))",92
93,89283081317ffff,12.713779755000001,18.179095500000003,0.5525612901999999,1,"POLYGON((37.825919843805366 -122.27606752354828, 37.82760150008374 -122.27499237942227, 37.82910743928561 -122.27625171232002, 37.82893169892058 -122.27858618876043, 37.827250042311384 -122.27966126374089, 37.82574412639774 -122.27840193142909))",93
94,8928308131bffff,4.00000019,10.113303925,0.34648982525,1,"POLYGON((37.82644673388144 -122.26906404321025, 37.82812835904131 -122.26798873207134, 37.82963439821134 -122.26924802628423, 37.82945878893371 -122.27158263107533, 37.82777716343244 -122.2726578730818, 37.82627114754992 -122.2713985794323))",94
95,89283081333ffff,17.00000052,21.98742426,0.49388551189999996,1,"POLYGON((37.830437561437044 -122.27984556089662, 37.83211918760443 -122.27877045718155, 37.83362499671625 -122.28002986914458, 37.8334491563749 -122.28236438422722, 37.831767529882804 -122.28343941878339, 37.830261744056486 -122.28218000741842))",95
96,89283081357ffff,8.129032329,16.02210477,0.286775291,1,"POLYGON((37.82830389129607 -122.26565409741445, 37.82998548566028 -122.26457868839739, 37.83149154811646 -122.26583798316275, 37.83131599292199 -122.26817268639537, 37.82963439821134 -122.26924802628423, 37.82812835904131 -122.26798873207134))",96
97,89283081383ffff,6.021550556,12.195559515,0.3867696023,1,"POLYGON((37.81954440138946 -122.27569917925818, 37.82122611852331 -122.27462409260617, 37.82273216450114 -122.27588334586133, 37.82255647005245 -122.2782176851865, 37.82087475258669 -122.27929270270226, 37.81936872990124 -122.27803345003173))",97
98,89283081387ffff,3.584415755,11.1739035,0.28652351379999996,1,"POLYGON((37.82087475258669 -122.27929270270226, 37.82255647005245 -122.2782176851865, 37.82406243935576 -122.27947697767642, 37.82388666790132 -122.28181128708853, 37.82220495010924 -122.28288623545912, 37.82069900409763 -122.28162694356544))",98
99,8928308138bffff,3.4666668310000004,11.42400015,0.2613807102,1,"POLYGON((37.82140173596544 -122.27228972338641, 37.82308342233912 -122.27121453886606, 37.82458949160793 -122.27247379269492, 37.824413851211766 -122.27480823047306, 37.82273216450114 -122.27588334586133, 37.82122611852331 -122.27462409260617))",99
100,8928308138fffff,5.57142862,11.85848085,0.3355491026,1,"POLYGON((37.82273216450114 -122.27588334586133, 37.824413851211766 -122.27480823047306, 37.825919843805366 -122.27606752354828, 37.82574412639774 -122.27840193142909, 37.82406243935576 -122.27947697767642, 37.82255647005245 -122.2782176851865))",100
101,89283081393ffff,5.4191176070000004,13.77387476,0.3836024329,1,"POLYGON((37.81635655448687 -122.27551502373787, 37.8180383020349 -122.27443996582056, 37.81954440138946 -122.27569917925818, 37.81936872990124 -122.27803345003173, 37.81768698202074 -122.27910843881732, 37.81618090596063 -122.27784922596369))",101
102,89283081397ffff,3.1294118510000004,11.371579624999999,0.36066123810000006,1,"POLYGON((37.81768698202074 -122.27910843881732, 37.81936872990124 -122.27803345003173, 37.82087475258669 -122.27929270270226, 37.82069900409763 -122.28162694356544, 37.81901725589024 -122.28270186321053, 37.817511256498534 -122.28144261113557))",102
103,8928308139bffff,3.6129033969999997,10.75553162,0.3246519424,1,"POLYGON((37.81821389652147 -122.2721056651552, 37.81989561331785 -122.27103050937568, 37.82140173596544 -122.27228972338641, 37.82122611852331 -122.27462409260617, 37.81954440138946 -122.27569917925818, 37.8180383020349 -122.27443996582056))",103
104,892830813a3ffff,15.22988528,20.86515694,0.665650196,1,"POLYGON((37.82539256052533 -122.2830706188035, 37.827074247893115 -122.28199564170586, 37.82858008712205 -122.28325501324457, 37.828404215693936 -122.28558936127516, 37.82672252800595 -122.28666426921426, 37.82521671206597 -122.28540489828393))",104
105,892830813a7ffff,9.574887251,17.160273775,0.45861863535,1,"POLYGON((37.82672252800595 -122.28666426921426, 37.828404215693936 -122.28558936127516, 37.8299099782334 -122.28684877203105, 37.82973402979632 -122.28918309010871, 37.82805234179367 -122.29025792888045, 37.82654660254248 -122.28899851874453))",105
106,892830813abffff,12.542953,18.76600011,0.5093500483,1,"POLYGON((37.827250042311384 -122.27966126374089, 37.82893169892058 -122.27858618876043, 37.830437561437044 -122.27984556089662, 37.830261744056486 -122.28218000741842, 37.82858008712205 -122.28325501324457, 37.827074247893115 -122.28199564170586))",106
107,892830813afffff,11.64456515,16.497479554999998,0.43832177105000003,1,"POLYGON((37.82858008712205 -122.28325501324457, 37.830261744056486 -122.28218000741842, 37.831767529882804 -122.28343941878339, 37.83159163548752 -122.28577383536806, 37.8299099782334 -122.28684877203105, 37.828404215693936 -122.28558936127516))",107
108,892830813b3ffff,4.238596693,12.85949277,0.408413294,1,"POLYGON((37.82220495010924 -122.28288623545912, 37.82388666790132 -122.28181128708853, 37.82539256052533 -122.2830706188035, 37.82521671206597 -122.28540489828393, 37.823534993953125 -122.2864797775006, 37.82202912462011 -122.28522044639342))",108
109,892830813b7ffff,8.29629669,16.26126291,0.5546050901,1,"POLYGON((37.823534993953125 -122.2864797775006, 37.82521671206597 -122.28540489828393, 37.82672252800595 -122.28666426921426, 37.82654660254248 -122.28899851874453, 37.82486488411443 -122.29007332879846, 37.823359091464766 -122.28881395848751))",109
110,892830813bbffff,6.886956582000001,13.14299965,0.4445309455,1,"POLYGON((37.82406243935576 -122.27947697767642, 37.82574412639774 -122.27840193142909, 37.827250042311384 -122.27966126374089, 37.827074247893115 -122.28199564170586, 37.82539256052533 -122.2830706188035, 37.82388666790132 -122.28181128708853))",110
111,892830813c3ffff,14.286736170000001,18.658755714999998,0.6666528765999999,1,"POLYGON((37.82192832615459 -122.26528635911905, 37.82360998140711 -122.2642110076095, 37.82511615063661 -122.26547022273355, 37.82494064132306 -122.26780478881857, 37.82325898572303 -122.26888007120911, 37.82175283978379 -122.26762085663626))",111
112,892830813c7ffff,12.28486106,17.5947597,0.5205670340999999,1,"POLYGON((37.82325898572303 -122.26888007120911, 37.82494064132306 -122.26780478881857, 37.82644673388144 -122.26906404321025, 37.82627114754992 -122.2713985794323, 37.82458949160793 -122.27247379269492, 37.82308342233912 -122.27121453886606))",112
113,892830813cfffff,11.90000037,16.22091925,0.26392222239999996,1,"POLYGON((37.82511615063661 -122.26547022273355, 37.826797775449485 -122.26439484247099, 37.82830389129607 -122.26565409741445, 37.82812835904131 -122.26798873207134, 37.82644673388144 -122.26906404321025, 37.82494064132306 -122.26780478881857))",113
114,892830813d3ffff,7.38068203,15.48030481,0.3158533814,1,"POLYGON((37.818740417866564 -122.26510250656997, 37.82042210354968 -122.26402718381193, 37.82192832615459 -122.26528635911905, 37.82175283978379 -122.26762085663626, 37.820071153752586 -122.26869611027983, 37.818564954439985 -122.26743693552332))",114
115,892830813d7ffff,7.7782555460000005,16.08442437,0.49361900439999995,1,"POLYGON((37.820071153752586 -122.26869611027983, 37.82175283978379 -122.26762085663626, 37.82325898572303 -122.26888007120911, 37.82308342233912 -122.27121453886606, 37.82140173596544 -122.27228972338641, 37.81989561331785 -122.27103050937568))",115
116,892830813dbffff,11.100555575,16.067224404999997,0.5009517393,1,"POLYGON((37.82059751290661 -122.26169265645301, 37.82227916780602 -122.26061723583324, 37.823785413701884 -122.26187641168, 37.82360998140711 -122.2642110076095, 37.82192832615459 -122.26528635911905, 37.82042210354968 -122.26402718381193))",116
117,8928308142fffff,3.030807963,9.5178936225,0.40041309719999996,1,"POLYGON((37.792181802788996 -122.27763472683192, 37.793863793662354 -122.2765599678338, 37.79537024313479 -122.27781890203859, 37.7951946784233 -122.28015259465361, 37.79351268721867 -122.28122728454804, 37.79200626105653 -122.2799683509338))",117
118,89283081463ffff,8.147795669,13.08178276,0.42678878230000006,1,"POLYGON((37.79137689720658 -122.26704095998657, 37.79305885671187 -122.2659659649982, 37.794565482740914 -122.26722482131377, 37.79439012595412 -122.2695586720638, 37.79270816610142 -122.27063359797026, 37.79120156338264 -122.26937474221127))",118
119,89283081467ffff,7.185510787,13.726288825000001,0.40700814765,1,"POLYGON((37.79270816610142 -122.27063359797026, 37.79439012595412 -122.2695586720638, 37.79589667536172 -122.27081756761862, 37.79572124160672 -122.2731513885145, 37.79403928141214 -122.27422624533038, 37.79253275531414 -122.27296735034363))",119
120,8928308146bffff,22.30769181,22.01196981,0.6338823083,1,"POLYGON((37.79323413652965 -122.26363208441258, 37.794916065332586 -122.2625569916131, 37.79642271467051 -122.26381584847421, 37.79624741189632 -122.2661497975919, 37.794565482740914 -122.26722482131377, 37.79305885671187 -122.2659659649982))",120
121,8928308146fffff,23.39999948,23.66614662,0.9173872952,1,"POLYGON((37.794565482740914 -122.26722482131377, 37.79624741189632 -122.2661497975919, 37.7977539846121 -122.26740869370387, 37.79757860486401 -122.26974261298321, 37.79589667536172 -122.27081756761862, 37.79439012595412 -122.2695586720638))",121
122,89283081477ffff,4.9766948155,16.055908289999998,0.5564159179499999,1,"POLYGON((37.78951957318854 -122.27044963939035, 37.79120156338264 -122.26937474221127, 37.79270816610142 -122.27063359797026, 37.79253275531414 -122.27296735034363, 37.79085076477763 -122.2740421784366, 37.78934418537051 -122.27278332324502))",122
123,8928308152bffff,63.07302242,37.60003167,2.020571764,1,"POLYGON((37.80016480550339 -122.29919021195339, 37.80184679828073 -122.2981158677096, 37.803352787899854 -122.29937503701886, 37.80317676143513 -122.30170854991466, 37.801494768359966 -122.30278282500193, 37.799988802047054 -122.30152365635254))",123
124,8928308152fffff,73.91999682,40.50813344,2.570939064,1,"POLYGON((37.801494768359966 -122.30278282500193, 37.80317676143513 -122.30170854991466, 37.80468267439537 -122.30296775837405, 37.80450657097465 -122.30530124125187, 37.80282457760725 -122.30637544717376, 37.80131868795252 -122.30511623938585))",124
125,89283081547ffff,10.50450445,19.02596217,0.8153750341,1,"POLYGON((37.79617399531714 -122.28841242782987, 37.79785598716759 -122.28733787616926, 37.79936220673479 -122.28859692796996, 37.79918641114301 -122.29093053080868, 37.797504418978036 -122.29200501333916, 37.79599822271909 -122.29074596216368))",125
126,8928308154bffff,8.355932657,14.81700039,0.5921038437,1,"POLYGON((37.79670105126543 -122.28141156806676, 37.79838301212701 -122.28033684945868, 37.79988933164162 -122.2815958626732, 37.7997136669868 -122.28392959389566, 37.79803170580007 -122.28500424338662, 37.79652540959304 -122.28374523077484))",126
127,8928308154fffff,10.045491483500001,15.479634449999999,0.67539179225,1,"POLYGON((37.79803170580007 -122.28500424338662, 37.7997136669868 -122.28392959389566, 37.801219909860876 -122.28518864631067, 37.80104416824107 -122.28752234760493, 37.79936220673479 -122.28859692796996, 37.79785598716759 -122.28733787616926))",127
128,8928308155bffff,8.481012469,20.22999981,0.32637881420000003,1,"POLYGON((37.79351268721867 -122.28122728454804, 37.7951946784233 -122.28015259465361, 37.79670105126543 -122.28141156806676, 37.79652540959304 -122.28374523077484, 37.79484341806272 -122.28481985155676, 37.7933370685302 -122.28356087874573))",128
129,89283081563ffff,21.866455780000003,24.397246495,1.069564781,1,"POLYGON((37.80069255406561 -122.29218962178862, 37.802374515885894 -122.2911151105583, 37.80388060546465 -122.29237424134516, 37.80370470991731 -122.29470788272756, 37.802022747788605 -122.29578232481433, 37.800516681515376 -122.29452319466486))",129
130,89283081567ffff,8.603659003999999,16.73140867,0.6124407042,1,"POLYGON((37.802022747788605 -122.29578232481433, 37.80370470991731 -122.29470788272756, 37.805210722841274 -122.29596705268578, 37.805034750331394 -122.29830066408445, 37.803352787899854 -122.29937503701886, 37.80184679828073 -122.2981158677096))",130
131,8928308156bffff,14.47562971,20.06509914,0.7605596415000001,1,"POLYGON((37.802550334469885 -122.28878143921072, 37.80423226562299 -122.2877068301398, 37.80573837850586 -122.28896596155316, 37.80556253693121 -122.29129970141356, 37.80388060546465 -122.29237424134516, 37.802374515885894 -122.2911151105583))",131
132,8928308156fffff,9.084754864,14.119136885,0.4788173037,1,"POLYGON((37.80388060546465 -122.29237424134516, 37.80556253693121 -122.29129970141356, 37.807068573158595 -122.29255887200986, 37.806892654615694 -122.29489258190235, 37.805210722841274 -122.29596705268578, 37.80370470991731 -122.29470788272756))",132
133,89283081577ffff,54.43749903,37.37284915,1.6717167659999999,1,"POLYGON((37.79883468904143 -122.29559760805641, 37.800516681515376 -122.29452319466486, 37.802022747788605 -122.29578232481433, 37.80184679828073 -122.2981158677096, 37.80016480550339 -122.29919021195339, 37.79865876253702 -122.29793108245231))",133
134,8928308157bffff,34.99999922,28.83750021,1.136461276,1,"POLYGON((37.79936220673479 -122.28859692796996, 37.80104416824107 -122.28752234760493, 37.802550334469885 -122.28878143921072, 37.802374515885894 -122.2911151105583, 37.80069255406561 -122.29218962178862, 37.79918641114301 -122.29093053080868))",134
135,89283081ed3ffff,9.260869585,11.1994848,0.4987511671,1,"POLYGON((37.82805234179367 -122.29025792888045, 37.82973402979632 -122.28918309010871, 37.831239715641544 -122.29044254007212, 37.83106369019628 -122.29277682817833, 37.82938200188457 -122.29385159777387, 37.8278763393269 -122.29259214844203))",135
136,89283081edbffff,7.5229686104999995,8.482338542499999,0.1353805964,1,"POLYGON((37.8299099782334 -122.28684877203105, 37.83159163548752 -122.28577383536806, 37.83309734461894 -122.28703328595208, 37.83292137320977 -122.28936767258105, 37.831239715641544 -122.29044254007212, 37.82973402979632 -122.28918309010871))",136
137,89283098027ffff,2.4342105469999997,5.609563975,0.2699940226,2,"POLYGON((37.7306629062778 -122.17918967306716, 37.73234512839429 -122.17811328228909, 37.73385407020079 -122.17937083630243, 37.73368076654567 -122.18170478082268, 37.731998543942964 -122.18278110277218, 37.730489625481304 -122.18152354903262))",0
138,8928309802fffff,8.253787777,9.904488142000002,0.4586024798,2,"POLYGON((37.73251835510618 -122.17577930840207, 37.73420054647643 -122.17470281996955, 37.73570951162633 -122.17596037424573, 37.73553626206226 -122.17829441669423, 37.73385407020079 -122.17937083630243, 37.73234512839429 -122.17811328228909))",1
139,89283098037ffff,4.434444481,9.2268770025,0.38944748185,2,"POLYGON((37.72747165900226 -122.17900852072991, 37.7291539113647 -122.17793215878052, 37.7306629062778 -122.17918967306716, 37.730489625481304 -122.18152354903262, 37.72880737263209 -122.18259984215801, 37.727298401065866 -122.18134232814457))",2
140,892830980a7ffff,87.95652166,41.959230235,2.3023114345,2,"POLYGON((37.722424780000985 -122.18223735363931, 37.72410709331601 -122.1811611181576, 37.725616117979214 -122.18241859244739, 37.72544280597672 -122.18475230193803, 37.72376049217936 -122.18582846859609, 37.722251490866554 -122.18457099458979))",3
141,89283098103ffff,2.857142734,5.817000031,0.2940885294,2,"POLYGON((37.73281359320444 -122.19337386669893, 37.73449584748055 -122.19229778009858, 37.736004536558866 -122.19355545213902, 37.73583094801646 -122.19588921046319, 37.73414869327586 -122.1969652282042, 37.73264002754185 -122.19570755648309))",4
142,89283098107ffff,12.13351281,11.821608995,0.4716199197,2,"POLYGON((37.73414869327586 -122.1969652282042, 37.73583094801646 -122.19588921046319, 37.73733956062397 -122.19714692191795, 37.737165895146966 -122.19948065078546, 37.73548363994746 -122.20055659965827, 37.73397505068358 -122.19929888853444))",5
143,8928309810bffff,55.09375187,32.24672841,1.193045058,2,"POLYGON((37.73466935908758 -122.1899639923363, 37.736351582645995 -122.18888780807048, 37.73786029506717 -122.19014548041935, 37.737686760586755 -122.19247933672828, 37.736004536558866 -122.19355545213902, 37.73449584748055 -122.19229778009858))",6
144,8928309810fffff,37.062500285,19.434889405,0.95557440095,2,"POLYGON((37.736004536558866 -122.19355545213902, 37.737686760586755 -122.19247933672828, 37.73919539653649 -122.19373704850297, 37.73902178511581 -122.19607087537113, 37.73733956062397 -122.19714692191795, 37.73583094801646 -122.19588921046319))",7
145,89283098113ffff,3.563492163,6.9647578185,0.2423552067,2,"POLYGON((37.72962256648989 -122.19319229218179, 37.73130485100513 -122.19211623439024, 37.73281359320444 -122.19337386669893, 37.73264002754185 -122.19570755648309, 37.73095774256154 -122.19678354541985, 37.729449023708604 -122.19552591342988))",8
146,89283098117ffff,9.709434074,11.525355314999999,0.5061649018000001,2,"POLYGON((37.73095774256154 -122.19678354541985, 37.73264002754185 -122.19570755648309, 37.73414869327586 -122.1969652282042, 37.73397505068358 -122.19929888853444, 37.7322927652438 -122.20037480860758, 37.7307841228555 -122.19911713721673))",9
147,8928309811bffff,6.835555753,12.89348281,0.45325580055000003,2,"POLYGON((37.73147833973727 -122.18978251517073, 37.73316059354333 -122.18870635971983, 37.73466935908758 -122.1899639923363, 37.73449584748055 -122.19229778009858, 37.73281359320444 -122.19337386669893, 37.73130485100513 -122.19211623439024))",10
148,8928309812bffff,68.285396565,35.842156205,1.6113286035,2,"POLYGON((37.74053034458928 -122.19732862656197, 37.742212538823274 -122.1962525512079, 37.743721045155134 -122.19751034213736, 37.74354733391321 -122.19984420809142, 37.74186513922142 -122.2009202145682, 37.74035665622905 -122.19966242397082))",11
149,8928309813bffff,9.271698262000001,13.62073963,0.4520560878,2,"POLYGON((37.73733956062397 -122.19714692191795, 37.73902178511581 -122.19607087537113, 37.74053034458928 -122.19732862656197, 37.74035665622905 -122.19966242397082, 37.73867443127887 -122.20073840164481, 37.737165895146966 -122.19948065078546))",12
150,89283098143ffff,5.9400001165,9.520347238,0.38484012344999996,2,"POLYGON((37.73518963189523 -122.18296237429088, 37.736871824242364 -122.18188602351579, 37.73838063647223 -122.18314365671506, 37.73820723301259 -122.18547764040615, 37.73652504018538 -122.18655392233924, 37.735016251297594 -122.18529628942588))",13
151,89283098147ffff,4.00000019,7.178066362,0.35128385310000004,2,"POLYGON((37.73652504018538 -122.18655392233924, 37.73820723301259 -122.18547764040615, 37.739715968775215 -122.18673531305245, 37.73954248836888 -122.18906926733706, 37.73786029506717 -122.19014548041935, 37.736351582645995 -122.18888780807048))",14
152,8928309814bffff,8.300883231,10.648750445000001,0.48021826985,2,"POLYGON((37.73704515075457 -122.17955201043674, 37.73872731235198 -122.17847556199685, 37.74023614792254 -122.17973319547109, 37.74006279855472 -122.18206727711288, 37.73838063647223 -122.18314365671506, 37.736871824242364 -122.18188602351579))",15
153,8928309814fffff,2.500000119,6.2280912545,0.36943672674999994,2,"POLYGON((37.73838063647223 -122.18314365671506, 37.74006279855472 -122.18206727711288, 37.74157155765738 -122.1833249500457, 37.74139813133722 -122.18565900229683, 37.739715968775215 -122.18673531305245, 37.73820723301259 -122.18547764040615))",16
154,89283098153ffff,4.755639028000001,8.3267498015,0.44195581414999996,2,"POLYGON((37.731998543942964 -122.18278110277218, 37.73368076654567 -122.18170478082268, 37.73518963189523 -122.18296237429088, 37.735016251297594 -122.18529628942588, 37.73333402821426 -122.186372542538, 37.73182518620887 -122.18511494935512))",17
155,89283098157ffff,4.00000019,9.015281931,0.35772609710000003,2,"POLYGON((37.73333402821426 -122.186372542538, 37.735016251297594 -122.18529628942588, 37.73652504018538 -122.18655392233924, 37.736351582645995 -122.18888780807048, 37.73466935908758 -122.1899639923363, 37.73316059354333 -122.18870635971983))",18
156,8928309815bffff,3.4666668310000004,7.309297765,0.3077110178,2,"POLYGON((37.73385407020079 -122.17937083630243, 37.73553626206226 -122.17829441669423, 37.73704515075457 -122.17955201043674, 37.736871824242364 -122.18188602351579, 37.73518963189523 -122.18296237429088, 37.73368076654567 -122.18170478082268))",19
157,89283098163ffff,9.1463835535,11.71574998,0.42140633810000006,2,"POLYGON((37.7410511476594 -122.19032697942077, 37.74273331069536 -122.18925073752055, 37.7442419168477 -122.19050848934157, 37.74406833662507 -122.19284248275584, 37.74238617312074 -122.1939186557918, 37.74087759030713 -122.19266090428039))",20
158,89283098167ffff,15.45374914,17.101379555,0.63383924505,2,"POLYGON((37.74238617312074 -122.1939186557918, 37.74406833662507 -122.19284248275584, 37.745576866294996 -122.19410027400644, 37.745403209122244 -122.1964342379745, 37.743721045155134 -122.19751034213736, 37.742212538823274 -122.1962525512079))",21
159,8928309816bffff,7.000000216,11.44431423,0.4637487666,2,"POLYGON((37.74290681396713 -122.18691671467857, 37.744588946254865 -122.18584037509898, 37.74609757574451 -122.18709812721866, 37.74592404960882 -122.18943221862195, 37.7442419168477 -122.19050848934157, 37.74273331069536 -122.18925073752055))",22
160,8928309816fffff,9.1982154735,11.77402055,0.55990095315,2,"POLYGON((37.7442419168477 -122.19050848934157, 37.74592404960882 -122.18943221862195, 37.7474326026154 -122.19069001018276, 37.74725899952392 -122.19302407215567, 37.745576866294996 -122.19410027400644, 37.74406833662507 -122.19284248275584))",23
161,89283098173ffff,7.363636512,11.4118271,0.5118127029,2,"POLYGON((37.73786029506717 -122.19014548041935, 37.73954248836888 -122.18906926733706, 37.7410511476594 -122.19032697942077, 37.74087759030713 -122.19266090428039, 37.73919539653649 -122.19373704850297, 37.737686760586755 -122.19247933672828))",24
162,89283098177ffff,31.33219192,23.62350082,1.106134763,2,"POLYGON((37.73919539653649 -122.19373704850297, 37.74087759030713 -122.19266090428039, 37.74238617312074 -122.1939186557918, 37.742212538823274 -122.1962525512079, 37.74053034458928 -122.19732862656197, 37.73902178511581 -122.19607087537113))",25
163,8928309817bffff,4.5394735825,8.6582481595,0.465647347,2,"POLYGON((37.739715968775215 -122.18673531305245, 37.74139813133722 -122.18565900229683, 37.74290681396713 -122.18691671467857, 37.74273331069536 -122.18925073752055, 37.7410511476594 -122.19032697942077, 37.73954248836888 -122.18906926733706))",26
164,89283098183ffff,8.064777643500001,7.910187732,0.3989291952,2,"POLYGON((37.72457559110084 -122.19642021263526, 37.72625793653333 -122.19534428130261, 37.72776670849766 -122.19660187356385, 37.72759311167935 -122.19893539683139, 37.72591076578625 -122.20001125930963, 37.72440201717176 -122.19875366737743))",27
165,89283098187ffff,8.773923322,8.571375045,0.4602744586,2,"POLYGON((37.72591076578625 -122.20001125930963, 37.72759311167935 -122.19893539683139, 37.72910180718452 -122.20019302849168, 37.728928133447084 -122.20252652229219, 37.72724578709894 -122.20360231590712, 37.72573711494297 -122.20234468458749))",28
166,8928309818bffff,11.94305321,11.69608853,0.5475919858,2,"POLYGON((37.726431456431804 -122.19301072858653, 37.72811377117712 -122.19193469960237, 37.72962256648989 -122.19319229218179, 37.729449023708604 -122.19552591342988, 37.72776670849766 -122.19660187356385, 37.72625793653333 -122.19534428130261))",29
167,8928309818fffff,7.0555558325,10.401625275,0.37434878225,2,"POLYGON((37.72776670849766 -122.19660187356385, 37.729449023708604 -122.19552591342988, 37.73095774256154 -122.19678354541985, 37.7307841228555 -122.19911713721673, 37.72910180718452 -122.20019302849168, 37.72759311167935 -122.19893539683139))",30
168,89283098193ffff,7.018125448999999,8.43618745,0.3896477183,2,"POLYGON((37.7213843903877 -122.19623856263308, 37.723066766032694 -122.19516266010018, 37.72457559110084 -122.19642021263526, 37.72440201717176 -122.19875366737743, 37.72271964106561 -122.19982950106044, 37.721210839349396 -122.19857194885381))",31
169,89283098197ffff,4.7947455439999995,6.61664879,0.1853747332,2,"POLYGON((37.72271964106561 -122.19982950106044, 37.72440201717176 -122.19875366737743, 37.72591076578625 -122.20001125930963, 37.72573711494297 -122.20234468458749, 37.72405473838121 -122.20342044941178, 37.72254601311801 -122.20216285781959))",32
170,8928309819bffff,10.20000009,12.6082499,0.4871236086,2,"POLYGON((37.72324026304682 -122.19282917591225, 37.724922608013145 -122.19175317573394, 37.726431456431804 -122.19301072858653, 37.72625793653333 -122.19534428130261, 37.72457559110084 -122.19642021263526, 37.723066766032694 -122.19516266010018))",33
171,892830981bbffff,10.06451622,12.830713900000001,0.590440764,2,"POLYGON((37.72910180718452 -122.20019302849168, 37.7307841228555 -122.19911713721673, 37.7322927652438 -122.20037480860758, 37.732119068613706 -122.20270837093474, 37.73043675248827 -122.2037841933418, 37.728928133447084 -122.20252652229219))",34
172,892830981c3ffff,13.166666485,14.469249965,0.7640972145,2,"POLYGON((37.72695175419462 -122.1860098156674, 37.72863403776304 -122.18493362019284, 37.73014293287846 -122.18619117364769, 37.72996952107748 -122.18852492228412, 37.728287237032866 -122.18960104892156, 37.72677836526512 -122.18834349576237))",35
173,892830981c7ffff,11.74193585,10.37682956,0.4602916433,2,"POLYGON((37.728287237032866 -122.18960104892156, 37.72996952107748 -122.18852492228412, 37.73147833973727 -122.18978251517073, 37.73130485100513 -122.19211623439024, 37.72962256648989 -122.19319229218179, 37.72811377117712 -122.19193469960237))",36
174,892830981cbffff,4.00000019,9.357422511000001,0.3512630182,2,"POLYGON((37.72880737263209 -122.18259984215801, 37.730489625481304 -122.18152354903262, 37.731998543942964 -122.18278110277218, 37.73182518620887 -122.18511494935512, 37.73014293287846 -122.18619117364769, 37.72863403776304 -122.18493362019284))",37
175,892830981cfffff,21.58186869,18.431332585,0.7114322297,2,"POLYGON((37.73014293287846 -122.18619117364769, 37.73182518620887 -122.18511494935512, 37.73333402821426 -122.186372542538, 37.73316059354333 -122.18870635971983, 37.73147833973727 -122.18978251517073, 37.72996952107748 -122.18852492228412))",38
176,892830981d3ffff,3.555555724,9.174841337,0.3267043428,2,"POLYGON((37.72376049217936 -122.18582846859609, 37.72544280597672 -122.18475230193803, 37.72695175419462 -122.1860098156674, 37.72677836526512 -122.18834349576237, 37.725096050990985 -122.18941959358791, 37.723587126122844 -122.18816208015363))",39
177,892830981d7ffff,10.20000009,11.19449973,0.4701535202,2,"POLYGON((37.725096050990985 -122.18941959358791, 37.72677836526512 -122.18834349576237, 37.728287237032866 -122.18960104892156, 37.72811377117712 -122.19193469960237, 37.726431456431804 -122.19301072858653, 37.724922608013145 -122.19175317573394))",40
178,892830981dbffff,81.90032011,41.61332296,1.957823459,2,"POLYGON((37.725616117979214 -122.18241859244739, 37.727298401065866 -122.18134232814457, 37.72880737263209 -122.18259984215801, 37.72863403776304 -122.18493362019284, 37.72695175419462 -122.1860098156674, 37.72544280597672 -122.18475230193803))",41
179,89283098223ffff,2.320320431,6.236475037999999,0.22994419929999999,2,"POLYGON((37.7423129321495 -122.15172090739595, 37.74399493823179 -122.15064376420929, 37.74550411986882 -122.15190128028696, 37.74533127208775 -122.1542359393684, 37.74364926547861 -122.15531301376538, 37.74214010717709 -122.15405549787323))",42
180,89283098227ffff,2.422084738,7.372702843,0.25007421550000003,2,"POLYGON((37.74364926547861 -122.15531301376538, 37.74533127208775 -122.1542359393684, 37.746840377268164 -122.15549349499145, 37.74666745250427 -122.157828124817, 37.74498544537386 -122.1589051304154, 37.74347636352831 -122.15764757498941))",43
181,8928309822bffff,4.126705683500001,7.1081328605000005,0.3954051263,2,"POLYGON((37.74416770902932 -122.14830907589041, 37.74584968426581 -122.14723183504101, 37.74735888923691 -122.14848935129328, 37.747186095637154 -122.15082410822299, 37.74550411986882 -122.15190128028696, 37.74399493823179 -122.15064376420929))",44
182,8928309822fffff,0.5925926207,5.666558066,0.2782350257,2,"POLYGON((37.74550411986882 -122.15190128028696, 37.747186095637154 -122.15082410822299, 37.74869522415101 -122.15208166403217, 37.748522353562784 -122.15441639172182, 37.746840377268164 -122.15549349499145, 37.74533127208775 -122.1542359393684))",45
183,89283098237ffff,4.591747208,7.809666673,0.24604580210000002,2,"POLYGON((37.740458070262484 -122.15513254339899, 37.74214010717709 -122.15405549787323, 37.74364926547861 -122.15531301376538, 37.74347636352831 -122.15764757498941, 37.74179432609188 -122.15872455172115, 37.740285191127285 -122.1574670360255))",46
184,89283098303ffff,2.696969772,6.747749858500001,0.18959305365,2,"POLYGON((37.745802172998175 -122.1695006380939, 37.747484211966686 -122.1684238677974, 37.74899306441525 -122.16968154176678, 37.748819854560665 -122.17201598579256, 37.74713781509261 -122.1730926872596, 37.745628985978385 -122.17183501353296))",47
185,89283098307ffff,4.800000042,8.371635325,0.287246355,2,"POLYGON((37.74713781509261 -122.1730926872596, 37.748819854560665 -122.17201598579256, 37.7503286305339 -122.17327369925705, 37.75015534370505 -122.17560811393697, 37.74847330374302 -122.1766847465657, 37.74696455110348 -122.17542703335548))",48
186,8928309830bffff,2.000000095,6.393884658999999,0.11317285980000001,2,"POLYGON((37.7476573448463 -122.16608939444426, 37.74933935300255 -122.16501252646967, 37.75084822878404 -122.16627020067075, 37.75067507307606 -122.16860474261735, 37.74899306441525 -122.16968154176678, 37.747484211966686 -122.1684238677974))",49
187,8928309830fffff,2.727272751,7.1824106175,0.17654953429999998,2,"POLYGON((37.74899306441525 -122.16968154176678, 37.75067507307606 -122.16860474261735, 37.75218387238157 -122.16986245632515, 37.7520106396937 -122.17219696894168, 37.7503286305339 -122.17327369925705, 37.748819854560665 -122.17201598579256))",50
188,89283098313ffff,8.944444151,9.689298952,0.3705434041,2,"POLYGON((37.74261119814694 -122.1693197453056, 37.74429326741411 -122.16824300386052, 37.745802172998175 -122.1695006380939, 37.745628985978385 -122.17183501353296, 37.74394691621111 -122.17291168615317, 37.742438033963445 -122.17165405216187))",51
189,89283098317ffff,4.423835094999999,7.862060061000001,0.36068258035,2,"POLYGON((37.74394691621111 -122.17291168615317, 37.745628985978385 -122.17183501353296, 37.74713781509261 -122.1730926872596, 37.74696455110348 -122.17542703335548, 37.745282480841674 -122.17650363714193, 37.743773675063224 -122.17524596366894))",52
190,8928309831bffff,3.4577922709999998,7.0603105215,0.23420787755,2,"POLYGON((37.74446637746386 -122.1659085990968, 37.74614841592724 -122.1648317599797, 37.7476573448463 -122.16608939444426, 37.747484211966686 -122.1684238677974, 37.745802172998175 -122.1695006380939, 37.74429326741411 -122.16824300386052))",53
191,89283098323ffff,5.4040073865,8.4449999135,0.29329692905,2,"POLYGON((37.75166404319811 -122.17686586688691, 37.75334605285134 -122.17578920541446, 37.75485469919035 -122.17704699810662, 37.75468131254488 -122.17938145200749, 37.752999302403815 -122.18045804462821, 37.75149067939577 -122.17920025220245))",54
192,89283098327ffff,2.736842235,6.90899992,0.2575635882,2,"POLYGON((37.752999302403815 -122.18045804462821, 37.75468131254488 -122.17938145200749, 37.756189882393414 -122.1806392841773, 37.75601641877025 -122.18297370869254, 37.754334408146896 -122.18405023245266, 37.75282586162871 -122.18279240056077))",55
193,8928309832bffff,2.666666793,7.230930206,0.2018618396,2,"POLYGON((37.753519362518375 -122.17345472214649, 37.75520134136083 -122.1723779629813, 37.75671001102942 -122.17363575592891, 37.75653667852569 -122.17597030778889, 37.75485469919035 -122.17704699810662, 37.75334605285134 -122.17578920541446))",56
194,8928309832fffff,5.628682356,9.9501358065,0.27854875465,2,"POLYGON((37.75485469919035 -122.17704699810662, 37.75653667852569 -122.17597030778889, 37.75804527170311 -122.17722814022575, 37.75787186221602 -122.17956266271592, 37.756189882393414 -122.1806392841773, 37.75468131254488 -122.17938145200749))",57
195,89283098333ffff,2.728049508,4.6080937875,0.21600867375,2,"POLYGON((37.74847330374302 -122.1766847465657, 37.75015534370505 -122.17560811393697, 37.75166404319811 -122.17686586688691, 37.75149067939577 -122.17920025220245, 37.74980863894532 -122.180276815984, 37.74829996278531 -122.17901906329985))",58
196,89283098337ffff,3.428571458,6.360789075,0.3287790719,2,"POLYGON((37.74980863894532 -122.180276815984, 37.75149067939577 -122.17920025220245, 37.752999302403815 -122.18045804462821, 37.75282586162871 -122.18279240056077, 37.75114382069539 -122.18386889548633, 37.749635221019766 -122.1826111033379))",59
197,8928309833bffff,4.235880435,8.910372035,0.21979724109999998,2,"POLYGON((37.7503286305339 -122.17327369925705, 37.7520106396937 -122.17219696894168, 37.753519362518375 -122.17345472214649, 37.75334605285134 -122.17578920541446, 37.75166404319811 -122.17686586688691, 37.75015534370505 -122.17560811393697))",60
198,89283098343ffff,6.26865691,8.738417042,0.27183495879999997,2,"POLYGON((37.74817648122321 -122.15908571997574, 37.749858458038545 -122.15800868550924, 37.751367433623344 -122.1592663204032, 37.75119440906035 -122.16160098955707, 37.74951243172988 -122.16267795521158, 37.748003479477255 -122.16142032052682))",61
199,89283098347ffff,4.1363637639999995,8.542314167,0.2165974098,2,"POLYGON((37.74951243172988 -122.16267795521158, 37.75119440906035 -122.16160098955707, 37.752703308173345 -122.162858663979, 37.75253020662407 -122.16519330383721, 37.75084822878404 -122.16627020067075, 37.74933935300255 -122.16501252646967))",62
200,8928309834bffff,2.843283607,7.9381087355,0.27028170845,2,"POLYGON((37.75003140561452 -122.15567398707819, 37.75171335158554 -122.15459685493431, 37.75322235050104 -122.15585449002658, 37.75304938011452 -122.15818925706708, 37.751367433623344 -122.1592663204032, 37.749858458038545 -122.15800868550924))",63
201,8928309834fffff,2.909091047,6.0251976225,0.355377449,2,"POLYGON((37.751367433623344 -122.1592663204032, 37.75304938011452 -122.15818925706708, 37.7545583025576 -122.1594469316988, 37.754385255179116 -122.16178166945946, 37.752703308173345 -122.162858663979, 37.75119440906035 -122.16160098955707))",64
202,89283098353ffff,2.797829117,7.159918356,0.2344928427,2,"POLYGON((37.74498544537386 -122.1589051304154, 37.74666745250427 -122.157828124817, 37.74817648122321 -122.15908571997574, 37.748003479477255 -122.16142032052682, 37.74632147183112 -122.16249725731772, 37.7448124664464 -122.16123966236763))",65
203,89283098357ffff,3.3793104489999997,7.732515581,0.25396534940000004,2,"POLYGON((37.74632147183112 -122.16249725731772, 37.748003479477255 -122.16142032052682, 37.74951243172988 -122.16267795521158, 37.74933935300255 -122.16501252646967, 37.7476573448463 -122.16608939444426, 37.74614841592724 -122.1648317599797))",66
204,8928309835bffff,1.714285796,6.329783982,0.22389908239999998,2,"POLYGON((37.746840377268164 -122.15549349499145, 37.748522353562784 -122.15441639172182, 37.75003140561452 -122.15567398707819, 37.749858458038545 -122.15800868550924, 37.74817648122321 -122.15908571997574, 37.74666745250427 -122.157828124817))",67
205,89283098363ffff,3.1296102645,8.3382449355,0.25471862484999996,2,"POLYGON((37.75403902926044 -122.1664510177773, 37.755720976775194 -122.16537409208328, 37.75722974625889 -122.16663184576493, 37.75705654489871 -122.16896652491035, 37.75537459688049 -122.17004338177004, 37.753865850725596 -122.16878562832132))",68
206,89283098367ffff,1.5000000130000002,7.70301191,0.2086797709,2,"POLYGON((37.75537459688049 -122.17004338177004, 37.75705654489871 -122.16896652491035, 37.758565237895425 -122.17022431810244, 37.75839195954549 -122.17255896791238, 37.75671001102942 -122.17363575592891, 37.75520134136083 -122.1723779629813))",69
207,8928309836bffff,1.9282003749999999,5.889932239,0.34788263340000003,2,"POLYGON((37.7558941011449 -122.16303938362097, 37.757576017816895 -122.1619623602349, 37.75908481062795 -122.16322011413853, 37.75891166343932 -122.16555489120888, 37.75722974625889 -122.16663184576493, 37.755720976775194 -122.16537409208328))",70
208,8928309836fffff,2.909091047,8.012799835,0.303293502,2,"POLYGON((37.75722974625889 -122.16663184576493, 37.75891166343932 -122.16555489120888, 37.760420379762756 -122.16681268463454, 37.76024715557874 -122.16914743238532, 37.758565237895425 -122.17022431810244, 37.75705654489871 -122.16896652491035))",71
209,89283098373ffff,2.82792213,8.217264199999999,0.20981814040000002,2,"POLYGON((37.75084822878404 -122.16627020067075, 37.75253020662407 -122.16519330383721, 37.75403902926044 -122.1664510177773, 37.753865850725596 -122.16878562832132, 37.75218387238157 -122.16986245632515, 37.75067507307606 -122.16860474261735))",72
210,89283098377ffff,1.615384692,7.511305533,0.178303729,2,"POLYGON((37.75218387238157 -122.16986245632515, 37.753865850725596 -122.16878562832132, 37.75537459688049 -122.17004338177004, 37.75520134136083 -122.1723779629813, 37.753519362518375 -122.17345472214649, 37.7520106396937 -122.17219696894168))",73
211,8928309837bffff,3.923076975,6.387972767000001,0.21901230649999998,2,"POLYGON((37.752703308173345 -122.162858663979, 37.754385255179116 -122.16178166945946, 37.7558941011449 -122.16303938362097, 37.755720976775194 -122.16537409208328, 37.75403902926044 -122.1664510177773, 37.75253020662407 -122.16519330383721))",74
212,89283098383ffff,4.614637134500001,6.5523539775,0.4059106925,2,"POLYGON((37.73756486819399 -122.17254971660942, 37.73924699853248 -122.17147310167836, 37.740755933906016 -122.17273069593678, 37.74058271560089 -122.17506490487644, 37.73890058476672 -122.17614145098294, 37.73739167273307 -122.17488385697698))",75
213,89283098387ffff,6.719999711,10.39126037,0.42543780439999995,2,"POLYGON((37.73890058476672 -122.17614145098294, 37.74058271560089 -122.17506490487644, 37.7420915745107 -122.17632253861467, 37.74191827924679 -122.17865671819804, 37.74023614792254 -122.17973319547109, 37.73872731235198 -122.17847556199685))",76
214,8928309838bffff,2.68421055,5.870050445,0.3327094355,2,"POLYGON((37.73942013987817 -122.16913886340089, 37.74110223943491 -122.16806215080567, 37.74261119814694 -122.1693197453056, 37.742438033963445 -122.17165405216187, 37.740755933906016 -122.17273069593678, 37.73924699853248 -122.17147310167836))",77
215,8928309838fffff,4.00000019,7.101010208,0.36400045670000003,2,"POLYGON((37.740755933906016 -122.17273069593678, 37.742438033963445 -122.17165405216187, 37.74394691621111 -122.17291168615317, 37.743773675063224 -122.17524596366894, 37.7420915745107 -122.17632253861467, 37.74058271560089 -122.17506490487644))",78
216,89283098393ffff,6.701052834,9.63497767,0.39486820045000004,2,"POLYGON((37.73437371909159 -122.17236874817016, 37.73605587970212 -122.1712921620814, 37.73756486819399 -122.17254971660942, 37.73739167273307 -122.17488385697698, 37.73570951162633 -122.17596037424573, 37.73420054647643 -122.17470281996955))",79
217,89283098397ffff,4.00000019,6.982595738,0.3945783401,2,"POLYGON((37.73570951162633 -122.17596037424573, 37.73739167273307 -122.17488385697698, 37.73890058476672 -122.17614145098294, 37.73872731235198 -122.17847556199685, 37.73704515075457 -122.17955201043674, 37.73553626206226 -122.17829441669423))",80
218,8928309839bffff,4.0663508625,6.1603355995,0.3936422543,2,"POLYGON((37.736228998208496 -122.16895799237875, 37.73791112804573 -122.16788130863195, 37.73942013987817 -122.16913886340089, 37.73924699853248 -122.17147310167836, 37.73756486819399 -122.17254971660942, 37.73605587970212 -122.1712921620814))",81
219,892830983a3ffff,4.00000019,8.02943659,0.31251291005,2,"POLYGON((37.74342706168807 -122.17991439140641, 37.74510916273012 -122.17883788529872, 37.74661789203453 -122.18009559824371, 37.74644449696004 -122.18242981702298, 37.744762395434016 -122.18350625428381, 37.74325368946615 -122.18224854161494))",82
220,892830983a7ffff,4.628608306,10.03726445,0.3722762139,2,"POLYGON((37.744762395434016 -122.18350625428381, 37.74644449696004 -122.18242981702298, 37.74795314978557 -122.18368756943036, 37.7477796777489 -122.18602175881354, 37.74609757574451 -122.18709812721866, 37.744588946254865 -122.18584037509898))",83
221,892830983abffff,3.3438356215,5.9357829445,0.2695464226,2,"POLYGON((37.745282480841674 -122.17650363714193, 37.74696455110348 -122.17542703335548, 37.74847330374302 -122.1766847465657, 37.74829996278531 -122.17901906329985, 37.74661789203453 -122.18009559824371, 37.74510916273012 -122.17883788529872))",84
222,892830983afffff,3.200000152,4.6599810155,0.24726728794999997,2,"POLYGON((37.74661789203453 -122.18009559824371, 37.74829996278531 -122.17901906329985, 37.74980863894532 -122.180276815984, 37.749635221019766 -122.1826111033379, 37.74795314978557 -122.18368756943036, 37.74644449696004 -122.18242981702298))",85
223,892830983b3ffff,3.057569375,6.988307659,0.3876765966,2,"POLYGON((37.74023614792254 -122.17973319547109, 37.74191827924679 -122.17865671819804, 37.74342706168807 -122.17991439140641, 37.74325368946615 -122.18224854161494, 37.74157155765738 -122.1833249500457, 37.74006279855472 -122.18206727711288))",86
224,892830983b7ffff,9.499999695,11.63369507,0.5785499434,2,"POLYGON((37.74157155765738 -122.1833249500457, 37.74325368946615 -122.18224854161494, 37.744762395434016 -122.18350625428381, 37.744588946254865 -122.18584037509898, 37.74290681396713 -122.18691671467857, 37.74139813133722 -122.18565900229683))",87
225,892830983bbffff,3.0492063805000003,6.234344501500001,0.2843133702,2,"POLYGON((37.7420915745107 -122.17632253861467, 37.743773675063224 -122.17524596366894, 37.745282480841674 -122.17650363714193, 37.74510916273012 -122.17883788529872, 37.74342706168807 -122.17991439140641, 37.74191827924679 -122.17865671819804))",88
226,892830983c3ffff,2.000000095,5.7355513975,0.22877037899999997,2,"POLYGON((37.73993930173422 -122.1621358941469, 37.74162136998443 -122.16105901507859, 37.74313042849371 -122.16231657029648, 37.74295739541475 -122.16465100436632, 37.74127532665328 -122.16572781462745, 37.73976629148172 -122.16447025962854))",89
227,892830983c7ffff,1.909091,6.15899992,0.2425117966,2,"POLYGON((37.74127532665328 -122.16572781462745, 37.74295739541475 -122.16465100436632, 37.74446637746386 -122.1659085990968, 37.74429326741411 -122.16824300386052, 37.74261119814694 -122.1693197453056, 37.74110223943491 -122.16806215080567))",90
228,892830983cbffff,1.909091,6.849697997000001,0.1295821965,2,"POLYGON((37.74179432609188 -122.15872455172115, 37.74347636352831 -122.15764757498941, 37.74498544537386 -122.1589051304154, 37.7448124664464 -122.16123966236763, 37.74313042849371 -122.16231657029648, 37.74162136998443 -122.16105901507859))",91
229,892830983cfffff,1.1974313589999999,5.764816593999999,0.18393760950000002,2,"POLYGON((37.74313042849371 -122.16231657029648, 37.7448124664464 -122.16123966236763, 37.74632147183112 -122.16249725731772, 37.74614841592724 -122.1648317599797, 37.74446637746386 -122.1659085990968, 37.74295739541475 -122.16465100436632))",92
230,892830983d7ffff,5.551724309,7.473500013,0.3486557841,2,"POLYGON((37.73808419243122 -122.16554704103523, 37.73976629148172 -122.16447025962854, 37.74127532665328 -122.16572781462745, 37.74110223943491 -122.16806215080567, 37.73942013987817 -122.16913886340089, 37.73791112804573 -122.16788130863195))",93
231,89283098563ffff,10.04545509,10.72138285,0.40939799130000004,2,"POLYGON((37.71871342896137 -122.18905671566301, 37.72039580366729 -122.18798067545687, 37.72190478162829 -122.1892381491687, 37.72173136152984 -122.19157166278394, 37.720048986351586 -122.19264763415791, 37.71854003174384 -122.19139016075142))",94
232,89283098567ffff,11.28333356,11.49955179,0.4442814789,2,"POLYGON((37.720048986351586 -122.19264763415791, 37.72173136152984 -122.19157166278394, 37.72324026304682 -122.19282917591225, 37.723066766032694 -122.19516266010018, 37.7213843903877 -122.19623856263308, 37.71987551222328 -122.19498104982175))",95
233,8928309856bffff,5.333333587,6.233333179,0.40766284939999997,2,"POLYGON((37.72056914684933 -122.18564713243282, 37.722251490866554 -122.18457099458979, 37.72376049217936 -122.18582846859609, 37.723587126122844 -122.18816208015363, 37.72190478162829 -122.1892381491687, 37.72039580366729 -122.18798067545687))",96
234,8928309856fffff,7.266917434,11.836061375,0.32755896355,2,"POLYGON((37.72190478162829 -122.1892381491687, 37.723587126122844 -122.18816208015363, 37.725096050990985 -122.18941959358791, 37.724922608013145 -122.19175317573394, 37.72324026304682 -122.19282917591225, 37.72173136152984 -122.19157166278394))",97
235,89283098e13ffff,12.474920765,12.598034665,0.5241422645,2,"POLYGON((37.75195800234702 -122.19446354321728, 37.75364007499797 -122.19338728373225, 37.75514844519156 -122.19464519421535, 37.754974719402036 -122.19697936386312, 37.75329264628997 -122.19805555446126, 37.75178429942824 -122.19679764430114))",98
236,89283098e1bffff,6.35820901,9.281032285,0.44410076979999996,2,"POLYGON((37.7538137238226 -122.19105308463018, 37.755495765704865 -122.18997672744328, 37.757004159228906 -122.1912346382384, 37.75683048753995 -122.19356890591102, 37.75514844519156 -122.19464519421535, 37.75364007499797 -122.19338728373225))",99
237,89283098e43ffff,8.00000007,9.640178838999999,0.3370116663,2,"POLYGON((37.75752491212344 -122.18423158033038, 37.759206892427784 -122.1831550277342, 37.76071533260846 -122.1844129391205, 37.76054176915689 -122.18674740281553, 37.758859788376384 -122.18782388653767, 37.757351371523335 -122.18656597544147))",100
238,89283098e4bffff,2.222222328,5.750918921,0.1130006055,2,"POLYGON((37.75938037889749 -122.18082053463233, 37.76106232839262 -122.17974388432877, 37.76257079189947 -122.18100179599425, 37.76239728258474 -122.18333635768668, 37.76071533260846 -122.1844129391205, 37.759206892427784 -122.1831550277342))",101
239,89283098e4fffff,11.83333358,9.667669311000001,0.3576757753,2,"POLYGON((37.76071533260846 -122.1844129391205, 37.76239728258474 -122.18333635768668, 37.76390566958531 -122.18459430882393, 37.763732083283806 -122.18692884110685, 37.76205013283193 -122.18800535366202, 37.76054176915689 -122.18674740281553))",102
240,89283098e53ffff,2.66666669,7.248833457999999,0.3089938879,2,"POLYGON((37.754334408146896 -122.18405023245266, 37.75601641877025 -122.18297370869254, 37.75752491212344 -122.18423158033038, 37.757351371523335 -122.18656597544147, 37.755669360423276 -122.18764243033215, 37.75416089039975 -122.18638455898382))",103
241,89283098e57ffff,4.800000228,8.657695936,0.3428267847,2,"POLYGON((37.755669360423276 -122.18764243033215, 37.757351371523335 -122.18656597544147, 37.758859788376384 -122.18782388653767, 37.75868617080009 -122.19015825222607, 37.757004159228906 -122.1912346382384, 37.755495765704865 -122.18997672744328))",104
242,89283098e5bffff,2.294863685,5.948999882000001,0.1566674196,2,"POLYGON((37.756189882393414 -122.1806392841773, 37.75787186221602 -122.17956266271592, 37.75938037889749 -122.18082053463233, 37.759206892427784 -122.1831550277342, 37.75752491212344 -122.18423158033038, 37.75601641877025 -122.18297370869254))",105
243,89283098e8bffff,14.52991433,14.76965073,0.728818655,2,"POLYGON((37.74876747604263 -122.19428190314795, 37.75044957898709 -122.19320567248081, 37.75195800234702 -122.19446354321728, 37.75178429942824 -122.19679764430114, 37.7501021960221 -122.197873806086, 37.74859379599611 -122.19661593567191))",106
244,89283098e9bffff,10.69841306,12.479150815,0.5856310170500001,2,"POLYGON((37.745576866294996 -122.19410027400644, 37.74725899952392 -122.19302407215567, 37.74876747604263 -122.19428190314795, 37.74859379599611 -122.19661593567191, 37.74691166230495 -122.19769206864507, 37.745403209122244 -122.1964342379745))",107
245,89283098ec3ffff,6.5600003120000006,10.3538785,0.4717497479,2,"POLYGON((37.749288254090736 -122.1872795506736, 37.75097032580275 -122.18620315344147, 37.7524788489892 -122.18746098504445, 37.75230527713017 -122.18979521358233, 37.7506232049459 -122.1908715419453, 37.74911470509262 -122.1896137106422))",108
246,89283098ec7ffff,5.473684471,10.05641057,0.4327086187,2,"POLYGON((37.7506232049459 -122.1908715419453, 37.75230527713017 -122.18979521358233, 37.7538137238226 -122.19105308463018, 37.75364007499797 -122.19338728373225, 37.75195800234702 -122.19446354321728, 37.75044957898709 -122.19320567248081))",109
247,89283098ecbffff,3.428571458,7.232500076,0.3588811023,2,"POLYGON((37.75114382069539 -122.18386889548633, 37.75282586162871 -122.18279240056077, 37.754334408146896 -122.18405023245266, 37.75416089039975 -122.18638455898382, 37.7524788489892 -122.18746098504445, 37.75097032580275 -122.18620315344147))",110
248,89283098ecfffff,3.022727299,7.5112707095,0.3421801496,2,"POLYGON((37.7524788489892 -122.18746098504445, 37.75416089039975 -122.18638455898382, 37.755669360423276 -122.18764243033215, 37.755495765704865 -122.18997672744328, 37.7538137238226 -122.19105308463018, 37.75230527713017 -122.18979521358233))",111
249,89283098ed3ffff,12.94736853,13.25168934,0.5984657473,2,"POLYGON((37.74609757574451 -122.18709812721866, 37.7477796777489 -122.18602175881354, 37.749288254090736 -122.1872795506736, 37.74911470509262 -122.1896137106422, 37.7474326026154 -122.19069001018276, 37.74592404960882 -122.18943221862195))",112
250,89283098ed7ffff,16.09523843,16.4659533,0.7441946268,2,"POLYGON((37.7474326026154 -122.19069001018276, 37.74911470509262 -122.1896137106422, 37.7506232049459 -122.1908715419453, 37.75044957898709 -122.19320567248081, 37.74876747604263 -122.19428190314795, 37.74725899952392 -122.19302407215567))",113
251,89283098edbffff,4.571428789,9.105519481,0.3063672986,2,"POLYGON((37.74795314978557 -122.18368756943036, 37.749635221019766 -122.1826111033379, 37.75114382069539 -122.18386889548633, 37.75097032580275 -122.18620315344147, 37.749288254090736 -122.1872795506736, 37.7477796777489 -122.18602175881354))",114
252,89283099897ffff,28.808333740000002,23.559138495,0.70431810975,2,"POLYGON((37.77103061649047 -122.15334465424799, 37.77271234942094 -122.15226725111157, 37.774221052677426 -122.15352512486191, 37.77404799968624 -122.15586040156039, 37.77236626623396 -122.15693773586585, 37.770857586294376 -122.15567986230644))",115
253,89283099c03ffff,21.47712461,18.68439466,0.7711901256,2,"POLYGON((37.75878659078384 -122.14561782556079, 37.760468413782775 -122.14454037148008, 37.761977429531925 -122.14579804684146, 37.76180459895747 -122.14813317612025, 37.76012277542392 -122.1492105614015, 37.75861378299916 -122.14795288620607))",116
254,89283099c07ffff,2.400000021,8.60416929,0.3923122834,2,"POLYGON((37.76012277542392 -122.1492105614015, 37.76180459895747 -122.14813317612025, 37.76331353822677 -122.14939089105765, 37.76314063063849 -122.15172599110146, 37.7614588065759 -122.15280330757442, 37.759949890630345 -122.15154559281451))",117
255,89283099c13ffff,34.150253205,19.61309369,1.1094126325,2,"POLYGON((37.75559566852763 -122.14543761512623, 37.75727752188472 -122.14436018993949, 37.75878659078384 -122.14561782556079, 37.75861378299916 -122.14795288620607, 37.756931929106905 -122.14903024259797, 37.755422883534216 -122.14777260714207))",118
256,89283099c17ffff,2.1186694155000003,8.4301166215,0.260949778,2,"POLYGON((37.756931929106905 -122.14903024259797, 37.75861378299916 -122.14795288620607, 37.76012277542392 -122.1492105614015, 37.759949890630345 -122.15154559281451, 37.75826803620847 -122.15262288040267, 37.756759067109506 -122.15136520538418))",119
257,89283099c23ffff,3.218421143,9.700556369,0.5000754352000001,2,"POLYGON((37.76464949342311 -122.15298374560521, 37.766331287117396 -122.15190640024596, 37.76784009673349 -122.15316419449611, 37.767667089334 -122.15549933391846, 37.765985295116806 -122.15657661045594, 37.76447650882173 -122.1553188163955))",120
258,89283099c27ffff,1.9945055699999998,5.927343713,0.1580801768,2,"POLYGON((37.765985295116806 -122.15657661045594, 37.767667089334 -122.15549933391846, 37.769175822455104 -122.15675716772716, 37.76900273803832 -122.1590922778748, 37.76732094330375 -122.16016948558169, 37.765812233503055 -122.1589116519742))",121
259,89283099c2fffff,5.694444317,13.53891999,0.4731100193,2,"POLYGON((37.76784009673349 -122.15316419449611, 37.7695218600504 -122.15208682024901, 37.77103061649047 -122.15334465424799, 37.770857586294376 -122.15567986230644, 37.769175822455104 -122.15675716772716, 37.767667089334 -122.15549933391846))",122
260,89283099c33ffff,2.379310366,8.649023528999999,0.34580644969999996,2,"POLYGON((37.7614588065759 -122.15280330757442, 37.76314063063849 -122.15172599110146, 37.76464949342311 -122.15298374560521, 37.76447650882173 -122.1553188163955, 37.76279468423564 -122.15639606405128, 37.76128584477412 -122.15513830973661))",123
261,89283099c37ffff,1.600000076,6.711265781,0.2032987937,2,"POLYGON((37.76279468423564 -122.15639606405128, 37.76447650882173 -122.1553188163955, 37.765985295116806 -122.15657661045594, 37.765812233503055 -122.1589116519742, 37.76413040839906 -122.15998883080391, 37.76262164542643 -122.15873103694412))",124
262,89283099c3bffff,30.47128374,20.50556326,0.7213569022,2,"POLYGON((37.76331353822677 -122.14939089105765, 37.764995331392555 -122.1483134768855, 37.766504217498856 -122.14957123156736, 37.766331287117396 -122.15190640024596, 37.76464949342311 -122.15298374560521, 37.76314063063849 -122.15172599110146))",125
263,89283099c83ffff,38.057587940000005,23.436238845,0.7151700325999999,2,"POLYGON((37.750549985996784 -122.14866963754483, 37.752231900579275 -122.1475923389272, 37.75374099929231 -122.14884993464608, 37.75356816009263 -122.15118482880948, 37.75188624497941 -122.15226205863253, 37.75037716959631 -122.15100446308938))",126
264,89283099c87ffff,5.88235281,9.509351085999999,0.236876626,2,"POLYGON((37.75188624497941 -122.15226205863253, 37.75356816009263 -122.15118482880948, 37.75507718233744 -122.15244246408902, 37.75490426613942 -122.15477732900699, 37.75322235050104 -122.15585449002658, 37.75171335158554 -122.15459685493431))",127
265,89283099c8fffff,21.74999937,15.81330188,0.6550418508,2,"POLYGON((37.75374099929231 -122.14884993464608, 37.755422883534216 -122.14777260714207, 37.756931929106905 -122.14903024259797, 37.756759067109506 -122.15136520538418, 37.75507718233744 -122.15244246408902, 37.75356816009263 -122.15118482880948))",128
266,89283099c93ffff,26.03947386,20.46342904,0.6538116188,2,"POLYGON((37.74735888923691 -122.14848935129328, 37.74904083415092 -122.14741208156052, 37.750549985996784 -122.14866963754483, 37.75037716959631 -122.15100446308938, 37.74869522415101 -122.15208166403217, 37.747186095637154 -122.15082410822299))",129
267,89283099c97ffff,1.9740770775,7.3800000525,0.2900844541,2,"POLYGON((37.74869522415101 -122.15208166403217, 37.75037716959631 -122.15100446308938, 37.75188624497941 -122.15226205863253, 37.75171335158554 -122.15459685493431, 37.75003140561452 -122.15567398707819, 37.748522353562784 -122.15441639172182))",130
268,89283099ca3ffff,0.8068627834,5.097627897000001,0.274896209,2,"POLYGON((37.75641321191115 -122.15603500383756, 37.75809509720783 -122.15495781394073, 37.759603989828236 -122.15621552851213, 37.75943097382507 -122.15855043278356, 37.75774908800936 -122.15962755386346, 37.75624021871555 -122.15836983949153))",131
269,89283099ca7ffff,1.2833333945,5.9732375385,0.29203211524999995,2,"POLYGON((37.75774908800936 -122.15962755386346, 37.75943097382507 -122.15855043278356, 37.76093978996205 -122.15980818689816, 37.7607666969571 -122.16214306188434, 37.75908481062795 -122.16322011413853, 37.757576017816895 -122.1619623602349))",132
270,89283099cabffff,2.0000000559999997,8.30390621,0.2662181727,2,"POLYGON((37.75826803620847 -122.15262288040267, 37.759949890630345 -122.15154559281451, 37.7614588065759 -122.15280330757442, 37.76128584477412 -122.15513830973661, 37.759603989828236 -122.15621552851213, 37.75809509720783 -122.15495781394073))",133
271,89283099cafffff,2.168674718,9.010077749,0.3035066265,2,"POLYGON((37.759603989828236 -122.15621552851213, 37.76128584477412 -122.15513830973661, 37.76279468423564 -122.15639606405128, 37.76262164542643 -122.15873103694412, 37.76093978996205 -122.15980818689816, 37.75943097382507 -122.15855043278356))",134
272,89283099cb3ffff,1.21212127,5.638255851,0.22220365539999998,2,"POLYGON((37.75322235050104 -122.15585449002658, 37.75490426613942 -122.15477732900699, 37.75641321191115 -122.15603500383756, 37.75624021871555 -122.15836983949153, 37.7545583025576 -122.1594469316988, 37.75304938011452 -122.15818925706708))",135
273,89283099cb7ffff,2.4666667369999997,7.034079646,0.2585621044,2,"POLYGON((37.7545583025576 -122.1594469316988, 37.75624021871555 -122.15836983949153, 37.75774908800936 -122.15962755386346, 37.757576017816895 -122.1619623602349, 37.7558941011449 -122.16303938362097, 37.754385255179116 -122.16178166945946))",136
274,89283099cbbffff,1.818181834,6.883604471,0.2774633036,2,"POLYGON((37.75507718233744 -122.15244246408902, 37.756759067109506 -122.15136520538418, 37.75826803620847 -122.15262288040267, 37.75809509720783 -122.15495781394073, 37.75641321191115 -122.15603500383756, 37.75490426613942 -122.15477732900699))",137
275,89283099d03ffff,10.047169533000002,9.0923626975,0.36861554739999997,2,"POLYGON((37.76813665987021 -122.17076719243431, 37.76981848649453 -122.16969022013598, 37.77132696678312 -122.17094817232646, 37.7711535971272 -122.17328309657105, 37.769471770007236 -122.17436000000791, 37.76796331303852 -122.1731020480643))",138
276,89283099d0bffff,2.264151051,6.314062513,0.2725083928,2,"POLYGON((37.76999177914101 -122.16735526654514, 37.771673574893576 -122.16627819652615, 37.77318207850063 -122.16753614895254, 37.77300876303635 -122.1698711711647, 37.77132696678312 -122.17094817232646, 37.76981848649453 -122.16969022013598))",139
277,89283099d13ffff,2.451531763,8.3969470575,0.33796420915000003,2,"POLYGON((37.76494626940689 -122.17058622343357, 37.766628126393265 -122.16950927999716, 37.76813665987021 -122.17076719243431, 37.76796331303852 -122.1731020480643, 37.76628145555595 -122.17417892264379, 37.76477294540095 -122.17292101045291))",140
278,89283099d17ffff,10.10714272,9.999215742999999,0.39175137039999997,2,"POLYGON((37.76628145555595 -122.17417892264379, 37.76796331303852 -122.1731020480643, 37.769471770007236 -122.17436000000791, 37.76929834617179 -122.17669482627583, 37.76761648819857 -122.17777163198954, 37.76610805455116 -122.17651368030377))",141
279,89283099d1bffff,2.01520578,6.127684867999999,0.2060954893,2,"POLYGON((37.76680139622043 -122.16717439502365, 37.768483222343555 -122.16609735387264, 37.76999177914101 -122.16735526654514, 37.76981848649453 -122.16969022013598, 37.76813665987021 -122.17076719243431, 37.766628126393265 -122.16950927999716))",142
280,89283099d43ffff,1.353022026,6.0515624005,0.15382902440000001,2,"POLYGON((37.77051139465956 -122.16035015123244, 37.77219315901565 -122.15927291464688, 37.773701762449875 -122.16053082775717, 37.77352857821007 -122.16286597724219, 37.77184681334277 -122.1639431449836, 37.77033823322621 -122.16268523208677))",143
281,89283099d47ffff,1.953488465,6.367757741,0.25846448665,2,"POLYGON((37.77184681334277 -122.1639431449836, 37.77352857821007 -122.16286597724219, 37.77503710513416 -122.1641239298935, 37.7748638438736 -122.16645905006403, 37.77318207850063 -122.16753614895254, 37.771673574893576 -122.16627819652615))",144
282,89283099d4bffff,34.11290458,24.3765456,0.7428660148,2,"POLYGON((37.77236626623396 -122.15693773586585, 37.77404799968624 -122.15586040156039, 37.775556626436746 -122.15711831487307, 37.77538349641841 -122.15945356229143, 37.773701762449875 -122.16053082775717, 37.77219315901565 -122.15927291464688))",145
283,89283099d4fffff,35.18919028,23.42633094,0.6495529178,2,"POLYGON((37.773701762449875 -122.16053082775717, 37.77538349641841 -122.15945356229143, 37.7768920466581 -122.1607115151568, 37.776718839613366 -122.16304673327649, 37.77503710513416 -122.1641239298935, 37.77352857821007 -122.16286597724219))",146
284,89283099d53ffff,1.095238147,5.34800005,0.1802524698,2,"POLYGON((37.76732094330375 -122.16016948558169, 37.76900273803832 -122.1590922778748, 37.77051139465956 -122.16035015123244, 37.77033823322621 -122.16268523208677, 37.768656437979864 -122.16376237095415, 37.767147804678366 -122.16250449780931))",147
285,89283099d57ffff,1.14821432415,5.36074996,0.19966525365,2,"POLYGON((37.768656437979864 -122.16376237095415, 37.77033823322621 -122.16268523208677, 37.77184681334277 -122.1639431449836, 37.771673574893576 -122.16627819652615, 37.76999177914101 -122.16735526654514, 37.768483222343555 -122.16609735387264))",148
286,89283099d5bffff,3.0000000260000004,8.082269542,0.31531970859999997,2,"POLYGON((37.769175822455104 -122.15675716772716, 37.770857586294376 -122.15567986230644, 37.77236626623396 -122.15693773586585, 37.77219315901565 -122.15927291464688, 37.77051139465956 -122.16035015123244, 37.76900273803832 -122.1590922778748))",149
287,89283099d73ffff,6.000000052000001,8.5995127485,0.32050921055000003,2,"POLYGON((37.77318207850063 -122.16753614895254, 37.7748638438736 -122.16645905006403, 37.77637229428267 -122.16771704224686, 37.776198956002105 -122.17005213308428, 37.774517190129046 -122.17112916311098, 37.77300876303635 -122.1698711711647))",150
288,89283099d7bffff,13.065035139999999,10.72917135,0.35715997075000006,2,"POLYGON((37.77503710513416 -122.1641239298935, 37.776718839613366 -122.16304673327649, 37.778227313337425 -122.16430472568484, 37.778054029267 -122.16663991448733, 37.77637229428267 -122.16771704224686, 37.7748638438736 -122.16645905006403))",151
289,89283099d83ffff,1.129629683,5.61499993,0.2781382992,2,"POLYGON((37.759900576050434 -122.17381680060525, 37.76158249423107 -122.17273998373595, 37.763091057564814 -122.17399785617657, 37.762917679392196 -122.17633254523257, 37.76123576071981 -122.17740929324528, 37.7597272207115 -122.17615142106128))",152
290,89283099d87ffff,1.935985751,7.0017909225,0.21315735915,2,"POLYGON((37.76123576071981 -122.17740929324528, 37.762917679392196 -122.17633254523257, 37.76442616622385 -122.1775904571662, 37.76425271105802 -122.17992511684703, 37.76257079189947 -122.18100179599425, 37.76106232839262 -122.17974388432877))",153
291,89283099d8bffff,2.963855562,9.30934094,0.3038791082,2,"POLYGON((37.76175579540976 -122.17040526532328, 37.763437682749135 -122.16932835074725, 37.76494626940689 -122.17058622343357, 37.76477294540095 -122.17292101045291, 37.763091057564814 -122.17399785617657, 37.76158249423107 -122.17273998373595))",154
292,89283099d8fffff,4.00000019,7.753755141499999,0.27389590524999996,2,"POLYGON((37.763091057564814 -122.17399785617657, 37.76477294540095 -122.17292101045291, 37.76628145555595 -122.17417892264379, 37.76610805455116 -122.17651368030377, 37.76442616622385 -122.1775904571662, 37.762917679392196 -122.17633254523257))",155
293,89283099d93ffff,2.857142993,7.986071347999999,0.1952323451,2,"POLYGON((37.75671001102942 -122.17363575592891, 37.75839195954549 -122.17255896791238, 37.759900576050434 -122.17381680060525, 37.7597272207115 -122.17615142106128, 37.75804527170311 -122.17722814022575, 37.75653667852569 -122.17597030778889))",156
294,89283099d97ffff,1.6140351640000001,5.546910875,0.14598449119999998,2,"POLYGON((37.75804527170311 -122.17722814022575, 37.7597272207115 -122.17615142106128, 37.76123576071981 -122.17740929324528, 37.76106232839262 -122.17974388432877, 37.75938037889749 -122.18082053463233, 37.75787186221602 -122.17956266271592))",157
295,89283099d9bffff,4.00000019,9.148784732000001,0.2786103722,2,"POLYGON((37.758565237895425 -122.17022431810244, 37.76024715557874 -122.16914743238532, 37.76175579540976 -122.17040526532328, 37.76158249423107 -122.17273998373595, 37.759900576050434 -122.17381680060525, 37.75839195954549 -122.17255896791238))",158
296,89283099db3ffff,11.35456149,12.33444426,0.3702270253,2,"POLYGON((37.76257079189947 -122.18100179599425, 37.76425271105802 -122.17992511684703, 37.76576112138273 -122.181183068264, 37.765587589224474 -122.18351769855109, 37.76390566958531 -122.18459430882393, 37.76239728258474 -122.18333635768668))",159
297,89283099dbbffff,10.12537335,11.13833339,0.345322475,2,"POLYGON((37.76442616622385 -122.1775904571662, 37.76610805455116 -122.17651368030377, 37.76761648819857 -122.17777163198954, 37.76744301019567 -122.18010636027162, 37.76576112138273 -122.181183068264, 37.76425271105802 -122.17992511684703))",160
298,89283099dc3ffff,3.1079734489999997,9.314775802,0.34048955095,2,"POLYGON((37.76227543660584 -122.16340085553257, 37.76395729258312 -122.16232377440883, 37.765465979062014 -122.16358160780409, 37.76529278624011 -122.16591652210258, 37.76361092975548 -122.1669935343871, 37.762102266599825 -122.165735701215))",161
299,89283099dc7ffff,2.460149461,9.000121632,0.31081525395,2,"POLYGON((37.76361092975548 -122.1669935343871, 37.76529278624011 -122.16591652210258, 37.76680139622043 -122.16717439502365, 37.766628126393265 -122.16950927999716, 37.76494626940689 -122.17058622343357, 37.763437682749135 -122.16932835074725))",162
300,89283099dcbffff,0.9500000451,4.302500129,0.2181197984,2,"POLYGON((37.76413040839906 -122.15998883080391, 37.765812233503055 -122.1589116519742, 37.76732094330375 -122.16016948558169, 37.767147804678366 -122.16250449780931, 37.765465979062014 -122.16358160780409, 37.76395729258312 -122.16232377440883))",163
301,89283099dcfffff,0.0,4.114500046,0.1706649986,2,"POLYGON((37.765465979062014 -122.16358160780409, 37.767147804678366 -122.16250449780931, 37.768656437979864 -122.16376237095415, 37.768483222343555 -122.16609735387264, 37.76680139622043 -122.16717439502365, 37.76529278624011 -122.16591652210258))",164
302,89283099dd3ffff,3.103448303,9.815206922,0.368056914,2,"POLYGON((37.75908481062795 -122.16322011413853, 37.7607666969571 -122.16214306188434, 37.76227543660584 -122.16340085553257, 37.762102266599825 -122.165735701215, 37.760420379762756 -122.16681268463454, 37.75891166343932 -122.16555489120888))",165
303,89283099dd7ffff,3.0555556425,9.2882783335,0.32002892645000003,2,"POLYGON((37.760420379762756 -122.16681268463454, 37.762102266599825 -122.165735701215, 37.76361092975548 -122.1669935343871, 37.763437682749135 -122.16932835074725, 37.76175579540976 -122.17040526532328, 37.76024715557874 -122.16914743238532))",166
304,89283099ddbffff,2.01492543,7.0495506,0.33347176065,2,"POLYGON((37.76093978996205 -122.15980818689816, 37.76262164542643 -122.15873103694412, 37.76413040839906 -122.15998883080391, 37.76395729258312 -122.16232377440883, 37.76227543660584 -122.16340085553257, 37.7607666969571 -122.16214306188434))",167
